"StichTagDatJahr","QuarSort","QuarLang","KreisSort","KreisLang","hh_groesseSort","hh_groesseLang","AnzHH","AnzBestWir"
2013,11,"Rathaus",1,"Kreis 1",1,"1 Person",1146,1146
2013,11,"Rathaus",1,"Kreis 1",2,"2 Personen",472,944
2013,11,"Rathaus",1,"Kreis 1",3,"3 Personen",138,414
2013,11,"Rathaus",1,"Kreis 1",4,"4 Personen",67,268
2013,11,"Rathaus",1,"Kreis 1",5,"5 Personen",27,135
2013,11,"Rathaus",1,"Kreis 1",6,"6 und mehr Personen",11,74
2013,12,"Hochschulen",1,"Kreis 1",1,"1 Person",129,129
2013,12,"Hochschulen",1,"Kreis 1",2,"2 Personen",65,130
2013,12,"Hochschulen",1,"Kreis 1",3,"3 Personen",26,78
2013,12,"Hochschulen",1,"Kreis 1",4,"4 Personen",16,64
2013,12,"Hochschulen",1,"Kreis 1",5,"5 Personen",2,10
2013,12,"Hochschulen",1,"Kreis 1",6,"6 und mehr Personen",2,15
2013,13,"Lindenhof",1,"Kreis 1",1,"1 Person",349,349
2013,13,"Lindenhof",1,"Kreis 1",2,"2 Personen",143,286
2013,13,"Lindenhof",1,"Kreis 1",3,"3 Personen",43,129
2013,13,"Lindenhof",1,"Kreis 1",4,"4 Personen",18,72
2013,13,"Lindenhof",1,"Kreis 1",5,"5 Personen",5,25
2013,13,"Lindenhof",1,"Kreis 1",6,"6 und mehr Personen",5,31
2013,14,"City",1,"Kreis 1",1,"1 Person",126,126
2013,14,"City",1,"Kreis 1",2,"2 Personen",104,208
2013,14,"City",1,"Kreis 1",3,"3 Personen",40,120
2013,14,"City",1,"Kreis 1",4,"4 Personen",23,92
2013,14,"City",1,"Kreis 1",5,"5 Personen",6,30
2013,14,"City",1,"Kreis 1",6,"6 und mehr Personen",8,89
2013,21,"Wollishofen",2,"Kreis 2",1,"1 Person",3828,3828
2013,21,"Wollishofen",2,"Kreis 2",2,"2 Personen",2356,4712
2013,21,"Wollishofen",2,"Kreis 2",3,"3 Personen",810,2430
2013,21,"Wollishofen",2,"Kreis 2",4,"4 Personen",639,2556
2013,21,"Wollishofen",2,"Kreis 2",5,"5 Personen",190,950
2013,21,"Wollishofen",2,"Kreis 2",6,"6 und mehr Personen",83,542
2013,23,"Leimbach",2,"Kreis 2",1,"1 Person",843,843
2013,23,"Leimbach",2,"Kreis 2",2,"2 Personen",699,1398
2013,23,"Leimbach",2,"Kreis 2",3,"3 Personen",317,951
2013,23,"Leimbach",2,"Kreis 2",4,"4 Personen",312,1248
2013,23,"Leimbach",2,"Kreis 2",5,"5 Personen",127,635
2013,23,"Leimbach",2,"Kreis 2",6,"6 und mehr Personen",66,450
2013,24,"Enge",2,"Kreis 2",1,"1 Person",1925,1925
2013,24,"Enge",2,"Kreis 2",2,"2 Personen",1286,2572
2013,24,"Enge",2,"Kreis 2",3,"3 Personen",480,1440
2013,24,"Enge",2,"Kreis 2",4,"4 Personen",324,1296
2013,24,"Enge",2,"Kreis 2",5,"5 Personen",105,525
2013,24,"Enge",2,"Kreis 2",6,"6 und mehr Personen",77,548
2013,31,"Alt-Wiedikon",3,"Kreis 3",1,"1 Person",4314,4314
2013,31,"Alt-Wiedikon",3,"Kreis 3",2,"2 Personen",2523,5046
2013,31,"Alt-Wiedikon",3,"Kreis 3",3,"3 Personen",874,2622
2013,31,"Alt-Wiedikon",3,"Kreis 3",4,"4 Personen",553,2212
2013,31,"Alt-Wiedikon",3,"Kreis 3",5,"5 Personen",175,875
2013,31,"Alt-Wiedikon",3,"Kreis 3",6,"6 und mehr Personen",158,1139
2013,33,"Friesenberg",3,"Kreis 3",1,"1 Person",1227,1227
2013,33,"Friesenberg",3,"Kreis 3",2,"2 Personen",1116,2232
2013,33,"Friesenberg",3,"Kreis 3",3,"3 Personen",576,1728
2013,33,"Friesenberg",3,"Kreis 3",4,"4 Personen",697,2788
2013,33,"Friesenberg",3,"Kreis 3",5,"5 Personen",276,1380
2013,33,"Friesenberg",3,"Kreis 3",6,"6 und mehr Personen",111,761
2013,34,"Sihlfeld",3,"Kreis 3",1,"1 Person",5326,5326
2013,34,"Sihlfeld",3,"Kreis 3",2,"2 Personen",3236,6472
2013,34,"Sihlfeld",3,"Kreis 3",3,"3 Personen",1191,3573
2013,34,"Sihlfeld",3,"Kreis 3",4,"4 Personen",689,2756
2013,34,"Sihlfeld",3,"Kreis 3",5,"5 Personen",194,970
2013,34,"Sihlfeld",3,"Kreis 3",6,"6 und mehr Personen",151,1126
2013,41,"Werd",4,"Kreis 4",1,"1 Person",996,996
2013,41,"Werd",4,"Kreis 4",2,"2 Personen",584,1168
2013,41,"Werd",4,"Kreis 4",3,"3 Personen",240,720
2013,41,"Werd",4,"Kreis 4",4,"4 Personen",114,456
2013,41,"Werd",4,"Kreis 4",5,"5 Personen",40,200
2013,41,"Werd",4,"Kreis 4",6,"6 und mehr Personen",50,395
2013,42,"Langstrasse",4,"Kreis 4",1,"1 Person",2822,2822
2013,42,"Langstrasse",4,"Kreis 4",2,"2 Personen",1707,3414
2013,42,"Langstrasse",4,"Kreis 4",3,"3 Personen",583,1749
2013,42,"Langstrasse",4,"Kreis 4",4,"4 Personen",250,1000
2013,42,"Langstrasse",4,"Kreis 4",5,"5 Personen",74,370
2013,42,"Langstrasse",4,"Kreis 4",6,"6 und mehr Personen",51,351
2013,44,"Hard",4,"Kreis 4",1,"1 Person",2922,2922
2013,44,"Hard",4,"Kreis 4",2,"2 Personen",1924,3848
2013,44,"Hard",4,"Kreis 4",3,"3 Personen",871,2613
2013,44,"Hard",4,"Kreis 4",4,"4 Personen",531,2124
2013,44,"Hard",4,"Kreis 4",5,"5 Personen",160,800
2013,44,"Hard",4,"Kreis 4",6,"6 und mehr Personen",80,518
2013,51,"Gewerbeschule",5,"Kreis 5",1,"1 Person",2328,2328
2013,51,"Gewerbeschule",5,"Kreis 5",2,"2 Personen",1401,2802
2013,51,"Gewerbeschule",5,"Kreis 5",3,"3 Personen",498,1494
2013,51,"Gewerbeschule",5,"Kreis 5",4,"4 Personen",319,1276
2013,51,"Gewerbeschule",5,"Kreis 5",5,"5 Personen",95,475
2013,51,"Gewerbeschule",5,"Kreis 5",6,"6 und mehr Personen",71,457
2013,52,"Escher Wyss",5,"Kreis 5",1,"1 Person",785,785
2013,52,"Escher Wyss",5,"Kreis 5",2,"2 Personen",713,1426
2013,52,"Escher Wyss",5,"Kreis 5",3,"3 Personen",268,804
2013,52,"Escher Wyss",5,"Kreis 5",4,"4 Personen",139,556
2013,52,"Escher Wyss",5,"Kreis 5",5,"5 Personen",41,205
2013,52,"Escher Wyss",5,"Kreis 5",6,"6 und mehr Personen",23,168
2013,61,"Unterstrass",6,"Kreis 6",1,"1 Person",4836,4836
2013,61,"Unterstrass",6,"Kreis 6",2,"2 Personen",3292,6584
2013,61,"Unterstrass",6,"Kreis 6",3,"3 Personen",1253,3759
2013,61,"Unterstrass",6,"Kreis 6",4,"4 Personen",910,3640
2013,61,"Unterstrass",6,"Kreis 6",5,"5 Personen",311,1555
2013,61,"Unterstrass",6,"Kreis 6",6,"6 und mehr Personen",133,875
2013,63,"Oberstrass",6,"Kreis 6",1,"1 Person",2258,2258
2013,63,"Oberstrass",6,"Kreis 6",2,"2 Personen",1411,2822
2013,63,"Oberstrass",6,"Kreis 6",3,"3 Personen",584,1752
2013,63,"Oberstrass",6,"Kreis 6",4,"4 Personen",445,1780
2013,63,"Oberstrass",6,"Kreis 6",5,"5 Personen",137,685
2013,63,"Oberstrass",6,"Kreis 6",6,"6 und mehr Personen",61,424
2013,71,"Fluntern",7,"Kreis 7",1,"1 Person",1404,1404
2013,71,"Fluntern",7,"Kreis 7",2,"2 Personen",1075,2150
2013,71,"Fluntern",7,"Kreis 7",3,"3 Personen",431,1293
2013,71,"Fluntern",7,"Kreis 7",4,"4 Personen",326,1304
2013,71,"Fluntern",7,"Kreis 7",5,"5 Personen",115,575
2013,71,"Fluntern",7,"Kreis 7",6,"6 und mehr Personen",65,417
2013,72,"Hottingen",7,"Kreis 7",1,"1 Person",2376,2376
2013,72,"Hottingen",7,"Kreis 7",2,"2 Personen",1472,2944
2013,72,"Hottingen",7,"Kreis 7",3,"3 Personen",588,1764
2013,72,"Hottingen",7,"Kreis 7",4,"4 Personen",435,1740
2013,72,"Hottingen",7,"Kreis 7",5,"5 Personen",150,750
2013,72,"Hottingen",7,"Kreis 7",6,"6 und mehr Personen",71,469
2013,73,"Hirslanden",7,"Kreis 7",1,"1 Person",1644,1644
2013,73,"Hirslanden",7,"Kreis 7",2,"2 Personen",1050,2100
2013,73,"Hirslanden",7,"Kreis 7",3,"3 Personen",406,1218
2013,73,"Hirslanden",7,"Kreis 7",4,"4 Personen",302,1208
2013,73,"Hirslanden",7,"Kreis 7",5,"5 Personen",79,395
2013,73,"Hirslanden",7,"Kreis 7",6,"6 und mehr Personen",42,275
2013,74,"Witikon",7,"Kreis 7",1,"1 Person",2073,2073
2013,74,"Witikon",7,"Kreis 7",2,"2 Personen",1573,3146
2013,74,"Witikon",7,"Kreis 7",3,"3 Personen",555,1665
2013,74,"Witikon",7,"Kreis 7",4,"4 Personen",445,1780
2013,74,"Witikon",7,"Kreis 7",5,"5 Personen",138,690
2013,74,"Witikon",7,"Kreis 7",6,"6 und mehr Personen",63,416
2013,81,"Seefeld",8,"Kreis 8",1,"1 Person",1702,1702
2013,81,"Seefeld",8,"Kreis 8",2,"2 Personen",801,1602
2013,81,"Seefeld",8,"Kreis 8",3,"3 Personen",262,786
2013,81,"Seefeld",8,"Kreis 8",4,"4 Personen",143,572
2013,81,"Seefeld",8,"Kreis 8",5,"5 Personen",35,175
2013,81,"Seefeld",8,"Kreis 8",6,"6 und mehr Personen",11,75
2013,82,"Mühlebach",8,"Kreis 8",1,"1 Person",1666,1666
2013,82,"Mühlebach",8,"Kreis 8",2,"2 Personen",867,1734
2013,82,"Mühlebach",8,"Kreis 8",3,"3 Personen",330,990
2013,82,"Mühlebach",8,"Kreis 8",4,"4 Personen",178,712
2013,82,"Mühlebach",8,"Kreis 8",5,"5 Personen",54,270
2013,82,"Mühlebach",8,"Kreis 8",6,"6 und mehr Personen",28,197
2013,83,"Weinegg",8,"Kreis 8",1,"1 Person",1173,1173
2013,83,"Weinegg",8,"Kreis 8",2,"2 Personen",662,1324
2013,83,"Weinegg",8,"Kreis 8",3,"3 Personen",246,738
2013,83,"Weinegg",8,"Kreis 8",4,"4 Personen",190,760
2013,83,"Weinegg",8,"Kreis 8",5,"5 Personen",56,280
2013,83,"Weinegg",8,"Kreis 8",6,"6 und mehr Personen",31,206
2013,91,"Albisrieden",9,"Kreis 9",1,"1 Person",4386,4386
2013,91,"Albisrieden",9,"Kreis 9",2,"2 Personen",3020,6040
2013,91,"Albisrieden",9,"Kreis 9",3,"3 Personen",1072,3216
2013,91,"Albisrieden",9,"Kreis 9",4,"4 Personen",841,3364
2013,91,"Albisrieden",9,"Kreis 9",5,"5 Personen",202,1010
2013,91,"Albisrieden",9,"Kreis 9",6,"6 und mehr Personen",75,504
2013,92,"Altstetten",9,"Kreis 9",1,"1 Person",6471,6471
2013,92,"Altstetten",9,"Kreis 9",2,"2 Personen",4537,9074
2013,92,"Altstetten",9,"Kreis 9",3,"3 Personen",1804,5412
2013,92,"Altstetten",9,"Kreis 9",4,"4 Personen",1352,5408
2013,92,"Altstetten",9,"Kreis 9",5,"5 Personen",412,2060
2013,92,"Altstetten",9,"Kreis 9",6,"6 und mehr Personen",206,1368
2013,101,"Höngg",10,"Kreis 10",1,"1 Person",4404,4404
2013,101,"Höngg",10,"Kreis 10",2,"2 Personen",3569,7138
2013,101,"Höngg",10,"Kreis 10",3,"3 Personen",1189,3567
2013,101,"Höngg",10,"Kreis 10",4,"4 Personen",954,3816
2013,101,"Höngg",10,"Kreis 10",5,"5 Personen",252,1260
2013,101,"Höngg",10,"Kreis 10",6,"6 und mehr Personen",126,850
2013,102,"Wipkingen",10,"Kreis 10",1,"1 Person",3968,3968
2013,102,"Wipkingen",10,"Kreis 10",2,"2 Personen",2546,5092
2013,102,"Wipkingen",10,"Kreis 10",3,"3 Personen",893,2679
2013,102,"Wipkingen",10,"Kreis 10",4,"4 Personen",521,2084
2013,102,"Wipkingen",10,"Kreis 10",5,"5 Personen",123,615
2013,102,"Wipkingen",10,"Kreis 10",6,"6 und mehr Personen",78,535
2013,111,"Affoltern",11,"Kreis 11",1,"1 Person",3900,3900
2013,111,"Affoltern",11,"Kreis 11",2,"2 Personen",3461,6922
2013,111,"Affoltern",11,"Kreis 11",3,"3 Personen",1600,4800
2013,111,"Affoltern",11,"Kreis 11",4,"4 Personen",1313,5252
2013,111,"Affoltern",11,"Kreis 11",5,"5 Personen",449,2245
2013,111,"Affoltern",11,"Kreis 11",6,"6 und mehr Personen",199,1290
2013,115,"Oerlikon",12,"Kreis 12",1,"1 Person",4806,4806
2013,115,"Oerlikon",12,"Kreis 12",2,"2 Personen",3245,6490
2013,115,"Oerlikon",12,"Kreis 12",3,"3 Personen",1265,3795
2013,115,"Oerlikon",12,"Kreis 12",4,"4 Personen",827,3308
2013,115,"Oerlikon",12,"Kreis 12",5,"5 Personen",233,1165
2013,115,"Oerlikon",12,"Kreis 12",6,"6 und mehr Personen",97,644
2013,119,"Seebach",12,"Kreis 12",1,"1 Person",4489,4489
2013,119,"Seebach",12,"Kreis 12",2,"2 Personen",3399,6798
2013,119,"Seebach",12,"Kreis 12",3,"3 Personen",1428,4284
2013,119,"Seebach",12,"Kreis 12",4,"4 Personen",1136,4544
2013,119,"Seebach",12,"Kreis 12",5,"5 Personen",354,1770
2013,119,"Seebach",12,"Kreis 12",6,"6 und mehr Personen",183,1194
2013,121,"Saatlen",12,"Kreis 12",1,"1 Person",894,894
2013,121,"Saatlen",12,"Kreis 12",2,"2 Personen",845,1690
2013,121,"Saatlen",12,"Kreis 12",3,"3 Personen",417,1251
2013,121,"Saatlen",12,"Kreis 12",4,"4 Personen",404,1616
2013,121,"Saatlen",12,"Kreis 12",5,"5 Personen",191,955
2013,121,"Saatlen",12,"Kreis 12",6,"6 und mehr Personen",114,749
2013,122,"Schwamendingen-Mitte",12,"Kreis 12",1,"1 Person",2406,2406
2013,122,"Schwamendingen-Mitte",12,"Kreis 12",2,"2 Personen",1671,3342
2013,122,"Schwamendingen-Mitte",12,"Kreis 12",3,"3 Personen",681,2043
2013,122,"Schwamendingen-Mitte",12,"Kreis 12",4,"4 Personen",452,1808
2013,122,"Schwamendingen-Mitte",12,"Kreis 12",5,"5 Personen",179,895
2013,122,"Schwamendingen-Mitte",12,"Kreis 12",6,"6 und mehr Personen",78,505
2013,123,"Hirzenbach",12,"Kreis 12",1,"1 Person",1939,1939
2013,123,"Hirzenbach",12,"Kreis 12",2,"2 Personen",1393,2786
2013,123,"Hirzenbach",12,"Kreis 12",3,"3 Personen",694,2082
2013,123,"Hirzenbach",12,"Kreis 12",4,"4 Personen",556,2224
2013,123,"Hirzenbach",12,"Kreis 12",5,"5 Personen",205,1025
2013,123,"Hirzenbach",12,"Kreis 12",6,"6 und mehr Personen",106,732
2014,11,"Rathaus",1,"Kreis 1",1,"1 Person",1133,1133
2014,11,"Rathaus",1,"Kreis 1",2,"2 Personen",501,1002
2014,11,"Rathaus",1,"Kreis 1",3,"3 Personen",136,408
2014,11,"Rathaus",1,"Kreis 1",4,"4 Personen",75,300
2014,11,"Rathaus",1,"Kreis 1",5,"5 Personen",23,115
2014,11,"Rathaus",1,"Kreis 1",6,"6 und mehr Personen",12,79
2014,12,"Hochschulen",1,"Kreis 1",1,"1 Person",107,107
2014,12,"Hochschulen",1,"Kreis 1",2,"2 Personen",66,132
2014,12,"Hochschulen",1,"Kreis 1",3,"3 Personen",26,78
2014,12,"Hochschulen",1,"Kreis 1",4,"4 Personen",13,52
2014,12,"Hochschulen",1,"Kreis 1",5,"5 Personen",4,20
2014,12,"Hochschulen",1,"Kreis 1",6,"6 und mehr Personen",2,14
2014,13,"Lindenhof",1,"Kreis 1",1,"1 Person",357,357
2014,13,"Lindenhof",1,"Kreis 1",2,"2 Personen",153,306
2014,13,"Lindenhof",1,"Kreis 1",3,"3 Personen",42,126
2014,13,"Lindenhof",1,"Kreis 1",4,"4 Personen",17,68
2014,13,"Lindenhof",1,"Kreis 1",5,"5 Personen",6,30
2014,13,"Lindenhof",1,"Kreis 1",6,"6 und mehr Personen",4,26
2014,14,"City",1,"Kreis 1",1,"1 Person",145,145
2014,14,"City",1,"Kreis 1",2,"2 Personen",95,190
2014,14,"City",1,"Kreis 1",3,"3 Personen",48,144
2014,14,"City",1,"Kreis 1",4,"4 Personen",23,92
2014,14,"City",1,"Kreis 1",5,"5 Personen",3,15
2014,14,"City",1,"Kreis 1",6,"6 und mehr Personen",9,91
2014,21,"Wollishofen",2,"Kreis 2",1,"1 Person",3779,3779
2014,21,"Wollishofen",2,"Kreis 2",2,"2 Personen",2415,4830
2014,21,"Wollishofen",2,"Kreis 2",3,"3 Personen",823,2469
2014,21,"Wollishofen",2,"Kreis 2",4,"4 Personen",670,2680
2014,21,"Wollishofen",2,"Kreis 2",5,"5 Personen",212,1060
2014,21,"Wollishofen",2,"Kreis 2",6,"6 und mehr Personen",77,507
2014,23,"Leimbach",2,"Kreis 2",1,"1 Person",856,856
2014,23,"Leimbach",2,"Kreis 2",2,"2 Personen",717,1434
2014,23,"Leimbach",2,"Kreis 2",3,"3 Personen",343,1029
2014,23,"Leimbach",2,"Kreis 2",4,"4 Personen",316,1264
2014,23,"Leimbach",2,"Kreis 2",5,"5 Personen",138,690
2014,23,"Leimbach",2,"Kreis 2",6,"6 und mehr Personen",71,481
2014,24,"Enge",2,"Kreis 2",1,"1 Person",1936,1936
2014,24,"Enge",2,"Kreis 2",2,"2 Personen",1350,2700
2014,24,"Enge",2,"Kreis 2",3,"3 Personen",512,1536
2014,24,"Enge",2,"Kreis 2",4,"4 Personen",352,1408
2014,24,"Enge",2,"Kreis 2",5,"5 Personen",112,560
2014,24,"Enge",2,"Kreis 2",6,"6 und mehr Personen",71,506
2014,31,"Alt-Wiedikon",3,"Kreis 3",1,"1 Person",4251,4251
2014,31,"Alt-Wiedikon",3,"Kreis 3",2,"2 Personen",2542,5084
2014,31,"Alt-Wiedikon",3,"Kreis 3",3,"3 Personen",891,2673
2014,31,"Alt-Wiedikon",3,"Kreis 3",4,"4 Personen",582,2328
2014,31,"Alt-Wiedikon",3,"Kreis 3",5,"5 Personen",194,970
2014,31,"Alt-Wiedikon",3,"Kreis 3",6,"6 und mehr Personen",154,1115
2014,33,"Friesenberg",3,"Kreis 3",1,"1 Person",1219,1219
2014,33,"Friesenberg",3,"Kreis 3",2,"2 Personen",1114,2228
2014,33,"Friesenberg",3,"Kreis 3",3,"3 Personen",606,1818
2014,33,"Friesenberg",3,"Kreis 3",4,"4 Personen",675,2700
2014,33,"Friesenberg",3,"Kreis 3",5,"5 Personen",280,1400
2014,33,"Friesenberg",3,"Kreis 3",6,"6 und mehr Personen",110,749
2014,34,"Sihlfeld",3,"Kreis 3",1,"1 Person",5292,5292
2014,34,"Sihlfeld",3,"Kreis 3",2,"2 Personen",3228,6456
2014,34,"Sihlfeld",3,"Kreis 3",3,"3 Personen",1226,3678
2014,34,"Sihlfeld",3,"Kreis 3",4,"4 Personen",704,2816
2014,34,"Sihlfeld",3,"Kreis 3",5,"5 Personen",201,1005
2014,34,"Sihlfeld",3,"Kreis 3",6,"6 und mehr Personen",160,1209
2014,41,"Werd",4,"Kreis 4",1,"1 Person",961,961
2014,41,"Werd",4,"Kreis 4",2,"2 Personen",590,1180
2014,41,"Werd",4,"Kreis 4",3,"3 Personen",253,759
2014,41,"Werd",4,"Kreis 4",4,"4 Personen",129,516
2014,41,"Werd",4,"Kreis 4",5,"5 Personen",46,230
2014,41,"Werd",4,"Kreis 4",6,"6 und mehr Personen",65,534
2014,42,"Langstrasse",4,"Kreis 4",1,"1 Person",2874,2874
2014,42,"Langstrasse",4,"Kreis 4",2,"2 Personen",1750,3500
2014,42,"Langstrasse",4,"Kreis 4",3,"3 Personen",597,1791
2014,42,"Langstrasse",4,"Kreis 4",4,"4 Personen",281,1124
2014,42,"Langstrasse",4,"Kreis 4",5,"5 Personen",89,445
2014,42,"Langstrasse",4,"Kreis 4",6,"6 und mehr Personen",45,327
2014,44,"Hard",4,"Kreis 4",1,"1 Person",2863,2863
2014,44,"Hard",4,"Kreis 4",2,"2 Personen",1926,3852
2014,44,"Hard",4,"Kreis 4",3,"3 Personen",837,2511
2014,44,"Hard",4,"Kreis 4",4,"4 Personen",553,2212
2014,44,"Hard",4,"Kreis 4",5,"5 Personen",167,835
2014,44,"Hard",4,"Kreis 4",6,"6 und mehr Personen",88,576
2014,51,"Gewerbeschule",5,"Kreis 5",1,"1 Person",2275,2275
2014,51,"Gewerbeschule",5,"Kreis 5",2,"2 Personen",1450,2900
2014,51,"Gewerbeschule",5,"Kreis 5",3,"3 Personen",519,1557
2014,51,"Gewerbeschule",5,"Kreis 5",4,"4 Personen",312,1248
2014,51,"Gewerbeschule",5,"Kreis 5",5,"5 Personen",86,430
2014,51,"Gewerbeschule",5,"Kreis 5",6,"6 und mehr Personen",62,411
2014,52,"Escher Wyss",5,"Kreis 5",1,"1 Person",919,919
2014,52,"Escher Wyss",5,"Kreis 5",2,"2 Personen",826,1652
2014,52,"Escher Wyss",5,"Kreis 5",3,"3 Personen",319,957
2014,52,"Escher Wyss",5,"Kreis 5",4,"4 Personen",151,604
2014,52,"Escher Wyss",5,"Kreis 5",5,"5 Personen",51,255
2014,52,"Escher Wyss",5,"Kreis 5",6,"6 und mehr Personen",19,141
2014,61,"Unterstrass",6,"Kreis 6",1,"1 Person",4837,4837
2014,61,"Unterstrass",6,"Kreis 6",2,"2 Personen",3344,6688
2014,61,"Unterstrass",6,"Kreis 6",3,"3 Personen",1282,3846
2014,61,"Unterstrass",6,"Kreis 6",4,"4 Personen",953,3812
2014,61,"Unterstrass",6,"Kreis 6",5,"5 Personen",314,1570
2014,61,"Unterstrass",6,"Kreis 6",6,"6 und mehr Personen",123,799
2014,63,"Oberstrass",6,"Kreis 6",1,"1 Person",2332,2332
2014,63,"Oberstrass",6,"Kreis 6",2,"2 Personen",1389,2778
2014,63,"Oberstrass",6,"Kreis 6",3,"3 Personen",574,1722
2014,63,"Oberstrass",6,"Kreis 6",4,"4 Personen",467,1868
2014,63,"Oberstrass",6,"Kreis 6",5,"5 Personen",138,690
2014,63,"Oberstrass",6,"Kreis 6",6,"6 und mehr Personen",63,438
2014,71,"Fluntern",7,"Kreis 7",1,"1 Person",1372,1372
2014,71,"Fluntern",7,"Kreis 7",2,"2 Personen",1120,2240
2014,71,"Fluntern",7,"Kreis 7",3,"3 Personen",437,1311
2014,71,"Fluntern",7,"Kreis 7",4,"4 Personen",330,1320
2014,71,"Fluntern",7,"Kreis 7",5,"5 Personen",120,600
2014,71,"Fluntern",7,"Kreis 7",6,"6 und mehr Personen",57,367
2014,72,"Hottingen",7,"Kreis 7",1,"1 Person",2401,2401
2014,72,"Hottingen",7,"Kreis 7",2,"2 Personen",1473,2946
2014,72,"Hottingen",7,"Kreis 7",3,"3 Personen",623,1869
2014,72,"Hottingen",7,"Kreis 7",4,"4 Personen",430,1720
2014,72,"Hottingen",7,"Kreis 7",5,"5 Personen",162,810
2014,72,"Hottingen",7,"Kreis 7",6,"6 und mehr Personen",72,483
2014,73,"Hirslanden",7,"Kreis 7",1,"1 Person",1631,1631
2014,73,"Hirslanden",7,"Kreis 7",2,"2 Personen",1055,2110
2014,73,"Hirslanden",7,"Kreis 7",3,"3 Personen",422,1266
2014,73,"Hirslanden",7,"Kreis 7",4,"4 Personen",319,1276
2014,73,"Hirslanden",7,"Kreis 7",5,"5 Personen",76,380
2014,73,"Hirslanden",7,"Kreis 7",6,"6 und mehr Personen",48,314
2014,74,"Witikon",7,"Kreis 7",1,"1 Person",2113,2113
2014,74,"Witikon",7,"Kreis 7",2,"2 Personen",1579,3158
2014,74,"Witikon",7,"Kreis 7",3,"3 Personen",571,1713
2014,74,"Witikon",7,"Kreis 7",4,"4 Personen",454,1816
2014,74,"Witikon",7,"Kreis 7",5,"5 Personen",155,775
2014,74,"Witikon",7,"Kreis 7",6,"6 und mehr Personen",61,417
2014,81,"Seefeld",8,"Kreis 8",1,"1 Person",1733,1733
2014,81,"Seefeld",8,"Kreis 8",2,"2 Personen",802,1604
2014,81,"Seefeld",8,"Kreis 8",3,"3 Personen",273,819
2014,81,"Seefeld",8,"Kreis 8",4,"4 Personen",149,596
2014,81,"Seefeld",8,"Kreis 8",5,"5 Personen",33,165
2014,81,"Seefeld",8,"Kreis 8",6,"6 und mehr Personen",9,59
2014,82,"Mühlebach",8,"Kreis 8",1,"1 Person",1717,1717
2014,82,"Mühlebach",8,"Kreis 8",2,"2 Personen",890,1780
2014,82,"Mühlebach",8,"Kreis 8",3,"3 Personen",363,1089
2014,82,"Mühlebach",8,"Kreis 8",4,"4 Personen",199,796
2014,82,"Mühlebach",8,"Kreis 8",5,"5 Personen",49,245
2014,82,"Mühlebach",8,"Kreis 8",6,"6 und mehr Personen",26,180
2014,83,"Weinegg",8,"Kreis 8",1,"1 Person",1182,1182
2014,83,"Weinegg",8,"Kreis 8",2,"2 Personen",631,1262
2014,83,"Weinegg",8,"Kreis 8",3,"3 Personen",261,783
2014,83,"Weinegg",8,"Kreis 8",4,"4 Personen",195,780
2014,83,"Weinegg",8,"Kreis 8",5,"5 Personen",58,290
2014,83,"Weinegg",8,"Kreis 8",6,"6 und mehr Personen",30,205
2014,91,"Albisrieden",9,"Kreis 9",1,"1 Person",4257,4257
2014,91,"Albisrieden",9,"Kreis 9",2,"2 Personen",2979,5958
2014,91,"Albisrieden",9,"Kreis 9",3,"3 Personen",1076,3228
2014,91,"Albisrieden",9,"Kreis 9",4,"4 Personen",883,3532
2014,91,"Albisrieden",9,"Kreis 9",5,"5 Personen",200,1000
2014,91,"Albisrieden",9,"Kreis 9",6,"6 und mehr Personen",81,537
2014,92,"Altstetten",9,"Kreis 9",1,"1 Person",6409,6409
2014,92,"Altstetten",9,"Kreis 9",2,"2 Personen",4646,9292
2014,92,"Altstetten",9,"Kreis 9",3,"3 Personen",1869,5607
2014,92,"Altstetten",9,"Kreis 9",4,"4 Personen",1338,5352
2014,92,"Altstetten",9,"Kreis 9",5,"5 Personen",440,2200
2014,92,"Altstetten",9,"Kreis 9",6,"6 und mehr Personen",213,1413
2014,101,"Höngg",10,"Kreis 10",1,"1 Person",4389,4389
2014,101,"Höngg",10,"Kreis 10",2,"2 Personen",3571,7142
2014,101,"Höngg",10,"Kreis 10",3,"3 Personen",1211,3633
2014,101,"Höngg",10,"Kreis 10",4,"4 Personen",1006,4024
2014,101,"Höngg",10,"Kreis 10",5,"5 Personen",268,1340
2014,101,"Höngg",10,"Kreis 10",6,"6 und mehr Personen",129,864
2014,102,"Wipkingen",10,"Kreis 10",1,"1 Person",3887,3887
2014,102,"Wipkingen",10,"Kreis 10",2,"2 Personen",2540,5080
2014,102,"Wipkingen",10,"Kreis 10",3,"3 Personen",909,2727
2014,102,"Wipkingen",10,"Kreis 10",4,"4 Personen",560,2240
2014,102,"Wipkingen",10,"Kreis 10",5,"5 Personen",131,655
2014,102,"Wipkingen",10,"Kreis 10",6,"6 und mehr Personen",78,546
2014,111,"Affoltern",11,"Kreis 11",1,"1 Person",3968,3968
2014,111,"Affoltern",11,"Kreis 11",2,"2 Personen",3426,6852
2014,111,"Affoltern",11,"Kreis 11",3,"3 Personen",1615,4845
2014,111,"Affoltern",11,"Kreis 11",4,"4 Personen",1401,5604
2014,111,"Affoltern",11,"Kreis 11",5,"5 Personen",472,2360
2014,111,"Affoltern",11,"Kreis 11",6,"6 und mehr Personen",195,1268
2014,115,"Oerlikon",12,"Kreis 12",1,"1 Person",4686,4686
2014,115,"Oerlikon",12,"Kreis 12",2,"2 Personen",3183,6366
2014,115,"Oerlikon",12,"Kreis 12",3,"3 Personen",1347,4041
2014,115,"Oerlikon",12,"Kreis 12",4,"4 Personen",854,3416
2014,115,"Oerlikon",12,"Kreis 12",5,"5 Personen",251,1255
2014,115,"Oerlikon",12,"Kreis 12",6,"6 und mehr Personen",102,661
2014,119,"Seebach",12,"Kreis 12",1,"1 Person",4564,4564
2014,119,"Seebach",12,"Kreis 12",2,"2 Personen",3372,6744
2014,119,"Seebach",12,"Kreis 12",3,"3 Personen",1487,4461
2014,119,"Seebach",12,"Kreis 12",4,"4 Personen",1152,4608
2014,119,"Seebach",12,"Kreis 12",5,"5 Personen",366,1830
2014,119,"Seebach",12,"Kreis 12",6,"6 und mehr Personen",176,1150
2014,121,"Saatlen",12,"Kreis 12",1,"1 Person",912,912
2014,121,"Saatlen",12,"Kreis 12",2,"2 Personen",857,1714
2014,121,"Saatlen",12,"Kreis 12",3,"3 Personen",451,1353
2014,121,"Saatlen",12,"Kreis 12",4,"4 Personen",422,1688
2014,121,"Saatlen",12,"Kreis 12",5,"5 Personen",196,980
2014,121,"Saatlen",12,"Kreis 12",6,"6 und mehr Personen",121,793
2014,122,"Schwamendingen-Mitte",12,"Kreis 12",1,"1 Person",2435,2435
2014,122,"Schwamendingen-Mitte",12,"Kreis 12",2,"2 Personen",1621,3242
2014,122,"Schwamendingen-Mitte",12,"Kreis 12",3,"3 Personen",701,2103
2014,122,"Schwamendingen-Mitte",12,"Kreis 12",4,"4 Personen",480,1920
2014,122,"Schwamendingen-Mitte",12,"Kreis 12",5,"5 Personen",174,870
2014,122,"Schwamendingen-Mitte",12,"Kreis 12",6,"6 und mehr Personen",78,503
2014,123,"Hirzenbach",12,"Kreis 12",1,"1 Person",2029,2029
2014,123,"Hirzenbach",12,"Kreis 12",2,"2 Personen",1497,2994
2014,123,"Hirzenbach",12,"Kreis 12",3,"3 Personen",713,2139
2014,123,"Hirzenbach",12,"Kreis 12",4,"4 Personen",586,2344
2014,123,"Hirzenbach",12,"Kreis 12",5,"5 Personen",207,1035
2014,123,"Hirzenbach",12,"Kreis 12",6,"6 und mehr Personen",113,783
2015,11,"Rathaus",1,"Kreis 1",1,"1 Person",1151,1151
2015,11,"Rathaus",1,"Kreis 1",2,"2 Personen",501,1002
2015,11,"Rathaus",1,"Kreis 1",3,"3 Personen",129,387
2015,11,"Rathaus",1,"Kreis 1",4,"4 Personen",79,316
2015,11,"Rathaus",1,"Kreis 1",5,"5 Personen",18,90
2015,11,"Rathaus",1,"Kreis 1",6,"6 und mehr Personen",11,69
2015,12,"Hochschulen",1,"Kreis 1",1,"1 Person",109,109
2015,12,"Hochschulen",1,"Kreis 1",2,"2 Personen",69,138
2015,12,"Hochschulen",1,"Kreis 1",3,"3 Personen",14,42
2015,12,"Hochschulen",1,"Kreis 1",4,"4 Personen",17,68
2015,12,"Hochschulen",1,"Kreis 1",5,"5 Personen",5,25
2015,12,"Hochschulen",1,"Kreis 1",6,"6 und mehr Personen",3,20
2015,13,"Lindenhof",1,"Kreis 1",1,"1 Person",355,355
2015,13,"Lindenhof",1,"Kreis 1",2,"2 Personen",164,328
2015,13,"Lindenhof",1,"Kreis 1",3,"3 Personen",39,117
2015,13,"Lindenhof",1,"Kreis 1",4,"4 Personen",18,72
2015,13,"Lindenhof",1,"Kreis 1",5,"5 Personen",6,30
2015,13,"Lindenhof",1,"Kreis 1",6,"6 und mehr Personen",5,32
2015,14,"City",1,"Kreis 1",1,"1 Person",131,131
2015,14,"City",1,"Kreis 1",2,"2 Personen",100,200
2015,14,"City",1,"Kreis 1",3,"3 Personen",39,117
2015,14,"City",1,"Kreis 1",4,"4 Personen",32,128
2015,14,"City",1,"Kreis 1",5,"5 Personen",7,35
2015,14,"City",1,"Kreis 1",6,"6 und mehr Personen",7,77
2015,21,"Wollishofen",2,"Kreis 2",1,"1 Person",3735,3735
2015,21,"Wollishofen",2,"Kreis 2",2,"2 Personen",2368,4736
2015,21,"Wollishofen",2,"Kreis 2",3,"3 Personen",908,2724
2015,21,"Wollishofen",2,"Kreis 2",4,"4 Personen",654,2616
2015,21,"Wollishofen",2,"Kreis 2",5,"5 Personen",217,1085
2015,21,"Wollishofen",2,"Kreis 2",6,"6 und mehr Personen",89,579
2015,23,"Leimbach",2,"Kreis 2",1,"1 Person",852,852
2015,23,"Leimbach",2,"Kreis 2",2,"2 Personen",708,1416
2015,23,"Leimbach",2,"Kreis 2",3,"3 Personen",355,1065
2015,23,"Leimbach",2,"Kreis 2",4,"4 Personen",343,1372
2015,23,"Leimbach",2,"Kreis 2",5,"5 Personen",148,740
2015,23,"Leimbach",2,"Kreis 2",6,"6 und mehr Personen",79,528
2015,24,"Enge",2,"Kreis 2",1,"1 Person",2012,2012
2015,24,"Enge",2,"Kreis 2",2,"2 Personen",1343,2686
2015,24,"Enge",2,"Kreis 2",3,"3 Personen",514,1542
2015,24,"Enge",2,"Kreis 2",4,"4 Personen",358,1432
2015,24,"Enge",2,"Kreis 2",5,"5 Personen",116,580
2015,24,"Enge",2,"Kreis 2",6,"6 und mehr Personen",83,596
2015,31,"Alt-Wiedikon",3,"Kreis 3",1,"1 Person",4248,4248
2015,31,"Alt-Wiedikon",3,"Kreis 3",2,"2 Personen",2585,5170
2015,31,"Alt-Wiedikon",3,"Kreis 3",3,"3 Personen",882,2646
2015,31,"Alt-Wiedikon",3,"Kreis 3",4,"4 Personen",602,2408
2015,31,"Alt-Wiedikon",3,"Kreis 3",5,"5 Personen",186,930
2015,31,"Alt-Wiedikon",3,"Kreis 3",6,"6 und mehr Personen",164,1201
2015,33,"Friesenberg",3,"Kreis 3",1,"1 Person",1227,1227
2015,33,"Friesenberg",3,"Kreis 3",2,"2 Personen",1105,2210
2015,33,"Friesenberg",3,"Kreis 3",3,"3 Personen",593,1779
2015,33,"Friesenberg",3,"Kreis 3",4,"4 Personen",689,2756
2015,33,"Friesenberg",3,"Kreis 3",5,"5 Personen",290,1450
2015,33,"Friesenberg",3,"Kreis 3",6,"6 und mehr Personen",104,697
2015,34,"Sihlfeld",3,"Kreis 3",1,"1 Person",5397,5397
2015,34,"Sihlfeld",3,"Kreis 3",2,"2 Personen",3238,6476
2015,34,"Sihlfeld",3,"Kreis 3",3,"3 Personen",1190,3570
2015,34,"Sihlfeld",3,"Kreis 3",4,"4 Personen",714,2856
2015,34,"Sihlfeld",3,"Kreis 3",5,"5 Personen",212,1060
2015,34,"Sihlfeld",3,"Kreis 3",6,"6 und mehr Personen",150,1147
2015,41,"Werd",4,"Kreis 4",1,"1 Person",985,985
2015,41,"Werd",4,"Kreis 4",2,"2 Personen",595,1190
2015,41,"Werd",4,"Kreis 4",3,"3 Personen",239,717
2015,41,"Werd",4,"Kreis 4",4,"4 Personen",143,572
2015,41,"Werd",4,"Kreis 4",5,"5 Personen",52,260
2015,41,"Werd",4,"Kreis 4",6,"6 und mehr Personen",62,524
2015,42,"Langstrasse",4,"Kreis 4",1,"1 Person",2905,2905
2015,42,"Langstrasse",4,"Kreis 4",2,"2 Personen",1815,3630
2015,42,"Langstrasse",4,"Kreis 4",3,"3 Personen",606,1818
2015,42,"Langstrasse",4,"Kreis 4",4,"4 Personen",275,1100
2015,42,"Langstrasse",4,"Kreis 4",5,"5 Personen",90,450
2015,42,"Langstrasse",4,"Kreis 4",6,"6 und mehr Personen",53,380
2015,44,"Hard",4,"Kreis 4",1,"1 Person",2832,2832
2015,44,"Hard",4,"Kreis 4",2,"2 Personen",1927,3854
2015,44,"Hard",4,"Kreis 4",3,"3 Personen",823,2469
2015,44,"Hard",4,"Kreis 4",4,"4 Personen",554,2216
2015,44,"Hard",4,"Kreis 4",5,"5 Personen",166,830
2015,44,"Hard",4,"Kreis 4",6,"6 und mehr Personen",75,490
2015,51,"Gewerbeschule",5,"Kreis 5",1,"1 Person",2306,2306
2015,51,"Gewerbeschule",5,"Kreis 5",2,"2 Personen",1489,2978
2015,51,"Gewerbeschule",5,"Kreis 5",3,"3 Personen",536,1608
2015,51,"Gewerbeschule",5,"Kreis 5",4,"4 Personen",326,1304
2015,51,"Gewerbeschule",5,"Kreis 5",5,"5 Personen",96,480
2015,51,"Gewerbeschule",5,"Kreis 5",6,"6 und mehr Personen",65,431
2015,52,"Escher Wyss",5,"Kreis 5",1,"1 Person",1065,1065
2015,52,"Escher Wyss",5,"Kreis 5",2,"2 Personen",1037,2074
2015,52,"Escher Wyss",5,"Kreis 5",3,"3 Personen",377,1131
2015,52,"Escher Wyss",5,"Kreis 5",4,"4 Personen",190,760
2015,52,"Escher Wyss",5,"Kreis 5",5,"5 Personen",49,245
2015,52,"Escher Wyss",5,"Kreis 5",6,"6 und mehr Personen",15,108
2015,61,"Unterstrass",6,"Kreis 6",1,"1 Person",4834,4834
2015,61,"Unterstrass",6,"Kreis 6",2,"2 Personen",3325,6650
2015,61,"Unterstrass",6,"Kreis 6",3,"3 Personen",1299,3897
2015,61,"Unterstrass",6,"Kreis 6",4,"4 Personen",991,3964
2015,61,"Unterstrass",6,"Kreis 6",5,"5 Personen",289,1445
2015,61,"Unterstrass",6,"Kreis 6",6,"6 und mehr Personen",113,738
2015,63,"Oberstrass",6,"Kreis 6",1,"1 Person",2392,2392
2015,63,"Oberstrass",6,"Kreis 6",2,"2 Personen",1408,2816
2015,63,"Oberstrass",6,"Kreis 6",3,"3 Personen",564,1692
2015,63,"Oberstrass",6,"Kreis 6",4,"4 Personen",442,1768
2015,63,"Oberstrass",6,"Kreis 6",5,"5 Personen",144,720
2015,63,"Oberstrass",6,"Kreis 6",6,"6 und mehr Personen",68,455
2015,71,"Fluntern",7,"Kreis 7",1,"1 Person",1374,1374
2015,71,"Fluntern",7,"Kreis 7",2,"2 Personen",1104,2208
2015,71,"Fluntern",7,"Kreis 7",3,"3 Personen",462,1386
2015,71,"Fluntern",7,"Kreis 7",4,"4 Personen",323,1292
2015,71,"Fluntern",7,"Kreis 7",5,"5 Personen",126,630
2015,71,"Fluntern",7,"Kreis 7",6,"6 und mehr Personen",71,452
2015,72,"Hottingen",7,"Kreis 7",1,"1 Person",2389,2389
2015,72,"Hottingen",7,"Kreis 7",2,"2 Personen",1481,2962
2015,72,"Hottingen",7,"Kreis 7",3,"3 Personen",650,1950
2015,72,"Hottingen",7,"Kreis 7",4,"4 Personen",459,1836
2015,72,"Hottingen",7,"Kreis 7",5,"5 Personen",159,795
2015,72,"Hottingen",7,"Kreis 7",6,"6 und mehr Personen",72,476
2015,73,"Hirslanden",7,"Kreis 7",1,"1 Person",1651,1651
2015,73,"Hirslanden",7,"Kreis 7",2,"2 Personen",1054,2108
2015,73,"Hirslanden",7,"Kreis 7",3,"3 Personen",404,1212
2015,73,"Hirslanden",7,"Kreis 7",4,"4 Personen",329,1316
2015,73,"Hirslanden",7,"Kreis 7",5,"5 Personen",85,425
2015,73,"Hirslanden",7,"Kreis 7",6,"6 und mehr Personen",37,249
2015,74,"Witikon",7,"Kreis 7",1,"1 Person",2125,2125
2015,74,"Witikon",7,"Kreis 7",2,"2 Personen",1611,3222
2015,74,"Witikon",7,"Kreis 7",3,"3 Personen",578,1734
2015,74,"Witikon",7,"Kreis 7",4,"4 Personen",495,1980
2015,74,"Witikon",7,"Kreis 7",5,"5 Personen",160,800
2015,74,"Witikon",7,"Kreis 7",6,"6 und mehr Personen",58,384
2015,81,"Seefeld",8,"Kreis 8",1,"1 Person",1675,1675
2015,81,"Seefeld",8,"Kreis 8",2,"2 Personen",796,1592
2015,81,"Seefeld",8,"Kreis 8",3,"3 Personen",282,846
2015,81,"Seefeld",8,"Kreis 8",4,"4 Personen",142,568
2015,81,"Seefeld",8,"Kreis 8",5,"5 Personen",34,170
2015,81,"Seefeld",8,"Kreis 8",6,"6 und mehr Personen",12,86
2015,82,"Mühlebach",8,"Kreis 8",1,"1 Person",1716,1716
2015,82,"Mühlebach",8,"Kreis 8",2,"2 Personen",879,1758
2015,82,"Mühlebach",8,"Kreis 8",3,"3 Personen",356,1068
2015,82,"Mühlebach",8,"Kreis 8",4,"4 Personen",203,812
2015,82,"Mühlebach",8,"Kreis 8",5,"5 Personen",62,310
2015,82,"Mühlebach",8,"Kreis 8",6,"6 und mehr Personen",23,151
2015,83,"Weinegg",8,"Kreis 8",1,"1 Person",1217,1217
2015,83,"Weinegg",8,"Kreis 8",2,"2 Personen",645,1290
2015,83,"Weinegg",8,"Kreis 8",3,"3 Personen",271,813
2015,83,"Weinegg",8,"Kreis 8",4,"4 Personen",195,780
2015,83,"Weinegg",8,"Kreis 8",5,"5 Personen",60,300
2015,83,"Weinegg",8,"Kreis 8",6,"6 und mehr Personen",23,157
2015,91,"Albisrieden",9,"Kreis 9",1,"1 Person",4261,4261
2015,91,"Albisrieden",9,"Kreis 9",2,"2 Personen",2983,5966
2015,91,"Albisrieden",9,"Kreis 9",3,"3 Personen",1097,3291
2015,91,"Albisrieden",9,"Kreis 9",4,"4 Personen",892,3568
2015,91,"Albisrieden",9,"Kreis 9",5,"5 Personen",216,1080
2015,91,"Albisrieden",9,"Kreis 9",6,"6 und mehr Personen",81,559
2015,92,"Altstetten",9,"Kreis 9",1,"1 Person",6548,6548
2015,92,"Altstetten",9,"Kreis 9",2,"2 Personen",4761,9522
2015,92,"Altstetten",9,"Kreis 9",3,"3 Personen",1919,5757
2015,92,"Altstetten",9,"Kreis 9",4,"4 Personen",1355,5420
2015,92,"Altstetten",9,"Kreis 9",5,"5 Personen",444,2220
2015,92,"Altstetten",9,"Kreis 9",6,"6 und mehr Personen",211,1402
2015,101,"Höngg",10,"Kreis 10",1,"1 Person",4441,4441
2015,101,"Höngg",10,"Kreis 10",2,"2 Personen",3603,7206
2015,101,"Höngg",10,"Kreis 10",3,"3 Personen",1281,3843
2015,101,"Höngg",10,"Kreis 10",4,"4 Personen",1049,4196
2015,101,"Höngg",10,"Kreis 10",5,"5 Personen",287,1435
2015,101,"Höngg",10,"Kreis 10",6,"6 und mehr Personen",110,750
2015,102,"Wipkingen",10,"Kreis 10",1,"1 Person",4005,4005
2015,102,"Wipkingen",10,"Kreis 10",2,"2 Personen",2587,5174
2015,102,"Wipkingen",10,"Kreis 10",3,"3 Personen",973,2919
2015,102,"Wipkingen",10,"Kreis 10",4,"4 Personen",561,2244
2015,102,"Wipkingen",10,"Kreis 10",5,"5 Personen",127,635
2015,102,"Wipkingen",10,"Kreis 10",6,"6 und mehr Personen",64,453
2015,111,"Affoltern",11,"Kreis 11",1,"1 Person",3996,3996
2015,111,"Affoltern",11,"Kreis 11",2,"2 Personen",3394,6788
2015,111,"Affoltern",11,"Kreis 11",3,"3 Personen",1642,4926
2015,111,"Affoltern",11,"Kreis 11",4,"4 Personen",1392,5568
2015,111,"Affoltern",11,"Kreis 11",5,"5 Personen",455,2275
2015,111,"Affoltern",11,"Kreis 11",6,"6 und mehr Personen",200,1281
2015,115,"Oerlikon",12,"Kreis 12",1,"1 Person",4605,4605
2015,115,"Oerlikon",12,"Kreis 12",2,"2 Personen",3194,6388
2015,115,"Oerlikon",12,"Kreis 12",3,"3 Personen",1355,4065
2015,115,"Oerlikon",12,"Kreis 12",4,"4 Personen",862,3448
2015,115,"Oerlikon",12,"Kreis 12",5,"5 Personen",248,1240
2015,115,"Oerlikon",12,"Kreis 12",6,"6 und mehr Personen",118,761
2015,119,"Seebach",12,"Kreis 12",1,"1 Person",4595,4595
2015,119,"Seebach",12,"Kreis 12",2,"2 Personen",3453,6906
2015,119,"Seebach",12,"Kreis 12",3,"3 Personen",1532,4596
2015,119,"Seebach",12,"Kreis 12",4,"4 Personen",1202,4808
2015,119,"Seebach",12,"Kreis 12",5,"5 Personen",385,1925
2015,119,"Seebach",12,"Kreis 12",6,"6 und mehr Personen",184,1188
2015,121,"Saatlen",12,"Kreis 12",1,"1 Person",982,982
2015,121,"Saatlen",12,"Kreis 12",2,"2 Personen",956,1912
2015,121,"Saatlen",12,"Kreis 12",3,"3 Personen",502,1506
2015,121,"Saatlen",12,"Kreis 12",4,"4 Personen",470,1880
2015,121,"Saatlen",12,"Kreis 12",5,"5 Personen",205,1025
2015,121,"Saatlen",12,"Kreis 12",6,"6 und mehr Personen",161,1087
2015,122,"Schwamendingen-Mitte",12,"Kreis 12",1,"1 Person",2458,2458
2015,122,"Schwamendingen-Mitte",12,"Kreis 12",2,"2 Personen",1656,3312
2015,122,"Schwamendingen-Mitte",12,"Kreis 12",3,"3 Personen",728,2184
2015,122,"Schwamendingen-Mitte",12,"Kreis 12",4,"4 Personen",482,1928
2015,122,"Schwamendingen-Mitte",12,"Kreis 12",5,"5 Personen",159,795
2015,122,"Schwamendingen-Mitte",12,"Kreis 12",6,"6 und mehr Personen",68,434
2015,123,"Hirzenbach",12,"Kreis 12",1,"1 Person",2075,2075
2015,123,"Hirzenbach",12,"Kreis 12",2,"2 Personen",1538,3076
2015,123,"Hirzenbach",12,"Kreis 12",3,"3 Personen",783,2349
2015,123,"Hirzenbach",12,"Kreis 12",4,"4 Personen",566,2264
2015,123,"Hirzenbach",12,"Kreis 12",5,"5 Personen",214,1070
2015,123,"Hirzenbach",12,"Kreis 12",6,"6 und mehr Personen",104,724
2016,11,"Rathaus",1,"Kreis 1",1,"1 Person",1148,1148
2016,11,"Rathaus",1,"Kreis 1",2,"2 Personen",502,1004
2016,11,"Rathaus",1,"Kreis 1",3,"3 Personen",127,381
2016,11,"Rathaus",1,"Kreis 1",4,"4 Personen",83,332
2016,11,"Rathaus",1,"Kreis 1",5,"5 Personen",18,90
2016,11,"Rathaus",1,"Kreis 1",6,"6 und mehr Personen",10,66
2016,12,"Hochschulen",1,"Kreis 1",1,"1 Person",105,105
2016,12,"Hochschulen",1,"Kreis 1",2,"2 Personen",76,152
2016,12,"Hochschulen",1,"Kreis 1",3,"3 Personen",20,60
2016,12,"Hochschulen",1,"Kreis 1",4,"4 Personen",14,56
2016,12,"Hochschulen",1,"Kreis 1",5,"5 Personen",4,20
2016,12,"Hochschulen",1,"Kreis 1",6,"6 und mehr Personen",3,20
2016,13,"Lindenhof",1,"Kreis 1",1,"1 Person",350,350
2016,13,"Lindenhof",1,"Kreis 1",2,"2 Personen",154,308
2016,13,"Lindenhof",1,"Kreis 1",3,"3 Personen",47,141
2016,13,"Lindenhof",1,"Kreis 1",4,"4 Personen",24,96
2016,13,"Lindenhof",1,"Kreis 1",5,"5 Personen",2,10
2016,13,"Lindenhof",1,"Kreis 1",6,"6 und mehr Personen",6,42
2016,14,"City",1,"Kreis 1",1,"1 Person",134,134
2016,14,"City",1,"Kreis 1",2,"2 Personen",112,224
2016,14,"City",1,"Kreis 1",3,"3 Personen",44,132
2016,14,"City",1,"Kreis 1",4,"4 Personen",30,120
2016,14,"City",1,"Kreis 1",5,"5 Personen",10,50
2016,14,"City",1,"Kreis 1",6,"6 und mehr Personen",4,29
2016,21,"Wollishofen",2,"Kreis 2",1,"1 Person",3790,3790
2016,21,"Wollishofen",2,"Kreis 2",2,"2 Personen",2372,4744
2016,21,"Wollishofen",2,"Kreis 2",3,"3 Personen",935,2805
2016,21,"Wollishofen",2,"Kreis 2",4,"4 Personen",717,2868
2016,21,"Wollishofen",2,"Kreis 2",5,"5 Personen",212,1060
2016,21,"Wollishofen",2,"Kreis 2",6,"6 und mehr Personen",85,553
2016,23,"Leimbach",2,"Kreis 2",1,"1 Person",876,876
2016,23,"Leimbach",2,"Kreis 2",2,"2 Personen",713,1426
2016,23,"Leimbach",2,"Kreis 2",3,"3 Personen",366,1098
2016,23,"Leimbach",2,"Kreis 2",4,"4 Personen",359,1436
2016,23,"Leimbach",2,"Kreis 2",5,"5 Personen",153,765
2016,23,"Leimbach",2,"Kreis 2",6,"6 und mehr Personen",67,432
2016,24,"Enge",2,"Kreis 2",1,"1 Person",2050,2050
2016,24,"Enge",2,"Kreis 2",2,"2 Personen",1332,2664
2016,24,"Enge",2,"Kreis 2",3,"3 Personen",550,1650
2016,24,"Enge",2,"Kreis 2",4,"4 Personen",358,1432
2016,24,"Enge",2,"Kreis 2",5,"5 Personen",112,560
2016,24,"Enge",2,"Kreis 2",6,"6 und mehr Personen",80,588
2016,31,"Alt-Wiedikon",3,"Kreis 3",1,"1 Person",4262,4262
2016,31,"Alt-Wiedikon",3,"Kreis 3",2,"2 Personen",2577,5154
2016,31,"Alt-Wiedikon",3,"Kreis 3",3,"3 Personen",952,2856
2016,31,"Alt-Wiedikon",3,"Kreis 3",4,"4 Personen",591,2364
2016,31,"Alt-Wiedikon",3,"Kreis 3",5,"5 Personen",206,1030
2016,31,"Alt-Wiedikon",3,"Kreis 3",6,"6 und mehr Personen",172,1270
2016,33,"Friesenberg",3,"Kreis 3",1,"1 Person",1308,1308
2016,33,"Friesenberg",3,"Kreis 3",2,"2 Personen",1103,2206
2016,33,"Friesenberg",3,"Kreis 3",3,"3 Personen",626,1878
2016,33,"Friesenberg",3,"Kreis 3",4,"4 Personen",726,2904
2016,33,"Friesenberg",3,"Kreis 3",5,"5 Personen",303,1515
2016,33,"Friesenberg",3,"Kreis 3",6,"6 und mehr Personen",99,673
2016,34,"Sihlfeld",3,"Kreis 3",1,"1 Person",5414,5414
2016,34,"Sihlfeld",3,"Kreis 3",2,"2 Personen",3271,6542
2016,34,"Sihlfeld",3,"Kreis 3",3,"3 Personen",1168,3504
2016,34,"Sihlfeld",3,"Kreis 3",4,"4 Personen",730,2920
2016,34,"Sihlfeld",3,"Kreis 3",5,"5 Personen",205,1025
2016,34,"Sihlfeld",3,"Kreis 3",6,"6 und mehr Personen",145,1112
2016,41,"Werd",4,"Kreis 4",1,"1 Person",993,993
2016,41,"Werd",4,"Kreis 4",2,"2 Personen",649,1298
2016,41,"Werd",4,"Kreis 4",3,"3 Personen",246,738
2016,41,"Werd",4,"Kreis 4",4,"4 Personen",128,512
2016,41,"Werd",4,"Kreis 4",5,"5 Personen",54,270
2016,41,"Werd",4,"Kreis 4",6,"6 und mehr Personen",70,572
2016,42,"Langstrasse",4,"Kreis 4",1,"1 Person",3052,3052
2016,42,"Langstrasse",4,"Kreis 4",2,"2 Personen",1786,3572
2016,42,"Langstrasse",4,"Kreis 4",3,"3 Personen",622,1866
2016,42,"Langstrasse",4,"Kreis 4",4,"4 Personen",286,1144
2016,42,"Langstrasse",4,"Kreis 4",5,"5 Personen",80,400
2016,42,"Langstrasse",4,"Kreis 4",6,"6 und mehr Personen",41,299
2016,44,"Hard",4,"Kreis 4",1,"1 Person",2912,2912
2016,44,"Hard",4,"Kreis 4",2,"2 Personen",1931,3862
2016,44,"Hard",4,"Kreis 4",3,"3 Personen",850,2550
2016,44,"Hard",4,"Kreis 4",4,"4 Personen",521,2084
2016,44,"Hard",4,"Kreis 4",5,"5 Personen",139,695
2016,44,"Hard",4,"Kreis 4",6,"6 und mehr Personen",66,424
2016,51,"Gewerbeschule",5,"Kreis 5",1,"1 Person",2329,2329
2016,51,"Gewerbeschule",5,"Kreis 5",2,"2 Personen",1521,3042
2016,51,"Gewerbeschule",5,"Kreis 5",3,"3 Personen",534,1602
2016,51,"Gewerbeschule",5,"Kreis 5",4,"4 Personen",335,1340
2016,51,"Gewerbeschule",5,"Kreis 5",5,"5 Personen",90,450
2016,51,"Gewerbeschule",5,"Kreis 5",6,"6 und mehr Personen",50,327
2016,52,"Escher Wyss",5,"Kreis 5",1,"1 Person",1064,1064
2016,52,"Escher Wyss",5,"Kreis 5",2,"2 Personen",1097,2194
2016,52,"Escher Wyss",5,"Kreis 5",3,"3 Personen",403,1209
2016,52,"Escher Wyss",5,"Kreis 5",4,"4 Personen",237,948
2016,52,"Escher Wyss",5,"Kreis 5",5,"5 Personen",40,200
2016,52,"Escher Wyss",5,"Kreis 5",6,"6 und mehr Personen",20,149
2016,61,"Unterstrass",6,"Kreis 6",1,"1 Person",4993,4993
2016,61,"Unterstrass",6,"Kreis 6",2,"2 Personen",3392,6784
2016,61,"Unterstrass",6,"Kreis 6",3,"3 Personen",1313,3939
2016,61,"Unterstrass",6,"Kreis 6",4,"4 Personen",1028,4112
2016,61,"Unterstrass",6,"Kreis 6",5,"5 Personen",270,1350
2016,61,"Unterstrass",6,"Kreis 6",6,"6 und mehr Personen",99,635
2016,63,"Oberstrass",6,"Kreis 6",1,"1 Person",2498,2498
2016,63,"Oberstrass",6,"Kreis 6",2,"2 Personen",1437,2874
2016,63,"Oberstrass",6,"Kreis 6",3,"3 Personen",562,1686
2016,63,"Oberstrass",6,"Kreis 6",4,"4 Personen",451,1804
2016,63,"Oberstrass",6,"Kreis 6",5,"5 Personen",154,770
2016,63,"Oberstrass",6,"Kreis 6",6,"6 und mehr Personen",59,395
2016,71,"Fluntern",7,"Kreis 7",1,"1 Person",1410,1410
2016,71,"Fluntern",7,"Kreis 7",2,"2 Personen",1107,2214
2016,71,"Fluntern",7,"Kreis 7",3,"3 Personen",465,1395
2016,71,"Fluntern",7,"Kreis 7",4,"4 Personen",344,1376
2016,71,"Fluntern",7,"Kreis 7",5,"5 Personen",128,640
2016,71,"Fluntern",7,"Kreis 7",6,"6 und mehr Personen",66,423
2016,72,"Hottingen",7,"Kreis 7",1,"1 Person",2409,2409
2016,72,"Hottingen",7,"Kreis 7",2,"2 Personen",1501,3002
2016,72,"Hottingen",7,"Kreis 7",3,"3 Personen",621,1863
2016,72,"Hottingen",7,"Kreis 7",4,"4 Personen",494,1976
2016,72,"Hottingen",7,"Kreis 7",5,"5 Personen",167,835
2016,72,"Hottingen",7,"Kreis 7",6,"6 und mehr Personen",71,475
2016,73,"Hirslanden",7,"Kreis 7",1,"1 Person",1727,1727
2016,73,"Hirslanden",7,"Kreis 7",2,"2 Personen",1005,2010
2016,73,"Hirslanden",7,"Kreis 7",3,"3 Personen",424,1272
2016,73,"Hirslanden",7,"Kreis 7",4,"4 Personen",319,1276
2016,73,"Hirslanden",7,"Kreis 7",5,"5 Personen",87,435
2016,73,"Hirslanden",7,"Kreis 7",6,"6 und mehr Personen",31,202
2016,74,"Witikon",7,"Kreis 7",1,"1 Person",2168,2168
2016,74,"Witikon",7,"Kreis 7",2,"2 Personen",1608,3216
2016,74,"Witikon",7,"Kreis 7",3,"3 Personen",573,1719
2016,74,"Witikon",7,"Kreis 7",4,"4 Personen",511,2044
2016,74,"Witikon",7,"Kreis 7",5,"5 Personen",157,785
2016,74,"Witikon",7,"Kreis 7",6,"6 und mehr Personen",55,349
2016,81,"Seefeld",8,"Kreis 8",1,"1 Person",1658,1658
2016,81,"Seefeld",8,"Kreis 8",2,"2 Personen",822,1644
2016,81,"Seefeld",8,"Kreis 8",3,"3 Personen",271,813
2016,81,"Seefeld",8,"Kreis 8",4,"4 Personen",162,648
2016,81,"Seefeld",8,"Kreis 8",5,"5 Personen",32,160
2016,81,"Seefeld",8,"Kreis 8",6,"6 und mehr Personen",11,74
2016,82,"Mühlebach",8,"Kreis 8",1,"1 Person",1686,1686
2016,82,"Mühlebach",8,"Kreis 8",2,"2 Personen",927,1854
2016,82,"Mühlebach",8,"Kreis 8",3,"3 Personen",332,996
2016,82,"Mühlebach",8,"Kreis 8",4,"4 Personen",209,836
2016,82,"Mühlebach",8,"Kreis 8",5,"5 Personen",60,300
2016,82,"Mühlebach",8,"Kreis 8",6,"6 und mehr Personen",27,174
2016,83,"Weinegg",8,"Kreis 8",1,"1 Person",1168,1168
2016,83,"Weinegg",8,"Kreis 8",2,"2 Personen",637,1274
2016,83,"Weinegg",8,"Kreis 8",3,"3 Personen",274,822
2016,83,"Weinegg",8,"Kreis 8",4,"4 Personen",188,752
2016,83,"Weinegg",8,"Kreis 8",5,"5 Personen",62,310
2016,83,"Weinegg",8,"Kreis 8",6,"6 und mehr Personen",29,191
2016,91,"Albisrieden",9,"Kreis 9",1,"1 Person",4574,4574
2016,91,"Albisrieden",9,"Kreis 9",2,"2 Personen",3313,6626
2016,91,"Albisrieden",9,"Kreis 9",3,"3 Personen",1202,3606
2016,91,"Albisrieden",9,"Kreis 9",4,"4 Personen",987,3948
2016,91,"Albisrieden",9,"Kreis 9",5,"5 Personen",235,1175
2016,91,"Albisrieden",9,"Kreis 9",6,"6 und mehr Personen",76,517
2016,92,"Altstetten",9,"Kreis 9",1,"1 Person",6602,6602
2016,92,"Altstetten",9,"Kreis 9",2,"2 Personen",4697,9394
2016,92,"Altstetten",9,"Kreis 9",3,"3 Personen",1954,5862
2016,92,"Altstetten",9,"Kreis 9",4,"4 Personen",1359,5436
2016,92,"Altstetten",9,"Kreis 9",5,"5 Personen",449,2245
2016,92,"Altstetten",9,"Kreis 9",6,"6 und mehr Personen",202,1337
2016,101,"Höngg",10,"Kreis 10",1,"1 Person",4485,4485
2016,101,"Höngg",10,"Kreis 10",2,"2 Personen",3541,7082
2016,101,"Höngg",10,"Kreis 10",3,"3 Personen",1295,3885
2016,101,"Höngg",10,"Kreis 10",4,"4 Personen",1112,4448
2016,101,"Höngg",10,"Kreis 10",5,"5 Personen",267,1335
2016,101,"Höngg",10,"Kreis 10",6,"6 und mehr Personen",106,718
2016,102,"Wipkingen",10,"Kreis 10",1,"1 Person",4044,4044
2016,102,"Wipkingen",10,"Kreis 10",2,"2 Personen",2617,5234
2016,102,"Wipkingen",10,"Kreis 10",3,"3 Personen",1014,3042
2016,102,"Wipkingen",10,"Kreis 10",4,"4 Personen",570,2280
2016,102,"Wipkingen",10,"Kreis 10",5,"5 Personen",128,640
2016,102,"Wipkingen",10,"Kreis 10",6,"6 und mehr Personen",64,453
2016,111,"Affoltern",11,"Kreis 11",1,"1 Person",4077,4077
2016,111,"Affoltern",11,"Kreis 11",2,"2 Personen",3438,6876
2016,111,"Affoltern",11,"Kreis 11",3,"3 Personen",1634,4902
2016,111,"Affoltern",11,"Kreis 11",4,"4 Personen",1420,5680
2016,111,"Affoltern",11,"Kreis 11",5,"5 Personen",467,2335
2016,111,"Affoltern",11,"Kreis 11",6,"6 und mehr Personen",188,1202
2016,115,"Oerlikon",12,"Kreis 12",1,"1 Person",4651,4651
2016,115,"Oerlikon",12,"Kreis 12",2,"2 Personen",3233,6466
2016,115,"Oerlikon",12,"Kreis 12",3,"3 Personen",1333,3999
2016,115,"Oerlikon",12,"Kreis 12",4,"4 Personen",912,3648
2016,115,"Oerlikon",12,"Kreis 12",5,"5 Personen",263,1315
2016,115,"Oerlikon",12,"Kreis 12",6,"6 und mehr Personen",104,687
2016,119,"Seebach",12,"Kreis 12",1,"1 Person",4666,4666
2016,119,"Seebach",12,"Kreis 12",2,"2 Personen",3431,6862
2016,119,"Seebach",12,"Kreis 12",3,"3 Personen",1582,4746
2016,119,"Seebach",12,"Kreis 12",4,"4 Personen",1231,4924
2016,119,"Seebach",12,"Kreis 12",5,"5 Personen",377,1885
2016,119,"Seebach",12,"Kreis 12",6,"6 und mehr Personen",181,1169
2016,121,"Saatlen",12,"Kreis 12",1,"1 Person",1043,1043
2016,121,"Saatlen",12,"Kreis 12",2,"2 Personen",885,1770
2016,121,"Saatlen",12,"Kreis 12",3,"3 Personen",482,1446
2016,121,"Saatlen",12,"Kreis 12",4,"4 Personen",464,1856
2016,121,"Saatlen",12,"Kreis 12",5,"5 Personen",206,1030
2016,121,"Saatlen",12,"Kreis 12",6,"6 und mehr Personen",150,1032
2016,122,"Schwamendingen-Mitte",12,"Kreis 12",1,"1 Person",2405,2405
2016,122,"Schwamendingen-Mitte",12,"Kreis 12",2,"2 Personen",1698,3396
2016,122,"Schwamendingen-Mitte",12,"Kreis 12",3,"3 Personen",695,2085
2016,122,"Schwamendingen-Mitte",12,"Kreis 12",4,"4 Personen",471,1884
2016,122,"Schwamendingen-Mitte",12,"Kreis 12",5,"5 Personen",156,780
2016,122,"Schwamendingen-Mitte",12,"Kreis 12",6,"6 und mehr Personen",59,374
2016,123,"Hirzenbach",12,"Kreis 12",1,"1 Person",2084,2084
2016,123,"Hirzenbach",12,"Kreis 12",2,"2 Personen",1614,3228
2016,123,"Hirzenbach",12,"Kreis 12",3,"3 Personen",853,2559
2016,123,"Hirzenbach",12,"Kreis 12",4,"4 Personen",605,2420
2016,123,"Hirzenbach",12,"Kreis 12",5,"5 Personen",203,1015
2016,123,"Hirzenbach",12,"Kreis 12",6,"6 und mehr Personen",104,714
2017,11,"Rathaus",1,"Kreis 1",1,"1 Person",1131,1131
2017,11,"Rathaus",1,"Kreis 1",2,"2 Personen",526,1052
2017,11,"Rathaus",1,"Kreis 1",3,"3 Personen",115,345
2017,11,"Rathaus",1,"Kreis 1",4,"4 Personen",88,352
2017,11,"Rathaus",1,"Kreis 1",5,"5 Personen",20,100
2017,11,"Rathaus",1,"Kreis 1",6,"6 und mehr Personen",11,74
2017,12,"Hochschulen",1,"Kreis 1",1,"1 Person",111,111
2017,12,"Hochschulen",1,"Kreis 1",2,"2 Personen",73,146
2017,12,"Hochschulen",1,"Kreis 1",3,"3 Personen",20,60
2017,12,"Hochschulen",1,"Kreis 1",4,"4 Personen",14,56
2017,12,"Hochschulen",1,"Kreis 1",5,"5 Personen",6,30
2017,12,"Hochschulen",1,"Kreis 1",6,"6 und mehr Personen",3,21
2017,13,"Lindenhof",1,"Kreis 1",1,"1 Person",344,344
2017,13,"Lindenhof",1,"Kreis 1",2,"2 Personen",161,322
2017,13,"Lindenhof",1,"Kreis 1",3,"3 Personen",39,117
2017,13,"Lindenhof",1,"Kreis 1",4,"4 Personen",21,84
2017,13,"Lindenhof",1,"Kreis 1",5,"5 Personen",6,30
2017,13,"Lindenhof",1,"Kreis 1",6,"6 und mehr Personen",4,25
2017,14,"City",1,"Kreis 1",1,"1 Person",117,117
2017,14,"City",1,"Kreis 1",2,"2 Personen",110,220
2017,14,"City",1,"Kreis 1",3,"3 Personen",40,120
2017,14,"City",1,"Kreis 1",4,"4 Personen",32,128
2017,14,"City",1,"Kreis 1",5,"5 Personen",13,65
2017,14,"City",1,"Kreis 1",6,"6 und mehr Personen",8,57
2017,21,"Wollishofen",2,"Kreis 2",1,"1 Person",3867,3867
2017,21,"Wollishofen",2,"Kreis 2",2,"2 Personen",2492,4984
2017,21,"Wollishofen",2,"Kreis 2",3,"3 Personen",1003,3009
2017,21,"Wollishofen",2,"Kreis 2",4,"4 Personen",814,3256
2017,21,"Wollishofen",2,"Kreis 2",5,"5 Personen",270,1350
2017,21,"Wollishofen",2,"Kreis 2",6,"6 und mehr Personen",97,638
2017,23,"Leimbach",2,"Kreis 2",1,"1 Person",867,867
2017,23,"Leimbach",2,"Kreis 2",2,"2 Personen",713,1426
2017,23,"Leimbach",2,"Kreis 2",3,"3 Personen",373,1119
2017,23,"Leimbach",2,"Kreis 2",4,"4 Personen",340,1360
2017,23,"Leimbach",2,"Kreis 2",5,"5 Personen",155,775
2017,23,"Leimbach",2,"Kreis 2",6,"6 und mehr Personen",76,509
2017,24,"Enge",2,"Kreis 2",1,"1 Person",1960,1960
2017,24,"Enge",2,"Kreis 2",2,"2 Personen",1356,2712
2017,24,"Enge",2,"Kreis 2",3,"3 Personen",554,1662
2017,24,"Enge",2,"Kreis 2",4,"4 Personen",379,1516
2017,24,"Enge",2,"Kreis 2",5,"5 Personen",118,590
2017,24,"Enge",2,"Kreis 2",6,"6 und mehr Personen",81,576
2017,31,"Alt-Wiedikon",3,"Kreis 3",1,"1 Person",4196,4196
2017,31,"Alt-Wiedikon",3,"Kreis 3",2,"2 Personen",2582,5164
2017,31,"Alt-Wiedikon",3,"Kreis 3",3,"3 Personen",967,2901
2017,31,"Alt-Wiedikon",3,"Kreis 3",4,"4 Personen",616,2464
2017,31,"Alt-Wiedikon",3,"Kreis 3",5,"5 Personen",221,1105
2017,31,"Alt-Wiedikon",3,"Kreis 3",6,"6 und mehr Personen",168,1266
2017,33,"Friesenberg",3,"Kreis 3",1,"1 Person",1273,1273
2017,33,"Friesenberg",3,"Kreis 3",2,"2 Personen",1105,2210
2017,33,"Friesenberg",3,"Kreis 3",3,"3 Personen",625,1875
2017,33,"Friesenberg",3,"Kreis 3",4,"4 Personen",727,2908
2017,33,"Friesenberg",3,"Kreis 3",5,"5 Personen",299,1495
2017,33,"Friesenberg",3,"Kreis 3",6,"6 und mehr Personen",103,695
2017,34,"Sihlfeld",3,"Kreis 3",1,"1 Person",5482,5482
2017,34,"Sihlfeld",3,"Kreis 3",2,"2 Personen",3365,6730
2017,34,"Sihlfeld",3,"Kreis 3",3,"3 Personen",1233,3699
2017,34,"Sihlfeld",3,"Kreis 3",4,"4 Personen",708,2832
2017,34,"Sihlfeld",3,"Kreis 3",5,"5 Personen",216,1080
2017,34,"Sihlfeld",3,"Kreis 3",6,"6 und mehr Personen",152,1174
2017,41,"Werd",4,"Kreis 4",1,"1 Person",938,938
2017,41,"Werd",4,"Kreis 4",2,"2 Personen",690,1380
2017,41,"Werd",4,"Kreis 4",3,"3 Personen",245,735
2017,41,"Werd",4,"Kreis 4",4,"4 Personen",121,484
2017,41,"Werd",4,"Kreis 4",5,"5 Personen",42,210
2017,41,"Werd",4,"Kreis 4",6,"6 und mehr Personen",72,601
2017,42,"Langstrasse",4,"Kreis 4",1,"1 Person",2958,2958
2017,42,"Langstrasse",4,"Kreis 4",2,"2 Personen",1836,3672
2017,42,"Langstrasse",4,"Kreis 4",3,"3 Personen",610,1830
2017,42,"Langstrasse",4,"Kreis 4",4,"4 Personen",268,1072
2017,42,"Langstrasse",4,"Kreis 4",5,"5 Personen",90,450
2017,42,"Langstrasse",4,"Kreis 4",6,"6 und mehr Personen",43,300
2017,44,"Hard",4,"Kreis 4",1,"1 Person",2956,2956
2017,44,"Hard",4,"Kreis 4",2,"2 Personen",1925,3850
2017,44,"Hard",4,"Kreis 4",3,"3 Personen",883,2649
2017,44,"Hard",4,"Kreis 4",4,"4 Personen",525,2100
2017,44,"Hard",4,"Kreis 4",5,"5 Personen",150,750
2017,44,"Hard",4,"Kreis 4",6,"6 und mehr Personen",60,394
2017,51,"Gewerbeschule",5,"Kreis 5",1,"1 Person",2266,2266
2017,51,"Gewerbeschule",5,"Kreis 5",2,"2 Personen",1516,3032
2017,51,"Gewerbeschule",5,"Kreis 5",3,"3 Personen",550,1650
2017,51,"Gewerbeschule",5,"Kreis 5",4,"4 Personen",342,1368
2017,51,"Gewerbeschule",5,"Kreis 5",5,"5 Personen",76,380
2017,51,"Gewerbeschule",5,"Kreis 5",6,"6 und mehr Personen",57,366
2017,52,"Escher Wyss",5,"Kreis 5",1,"1 Person",1082,1082
2017,52,"Escher Wyss",5,"Kreis 5",2,"2 Personen",1113,2226
2017,52,"Escher Wyss",5,"Kreis 5",3,"3 Personen",442,1326
2017,52,"Escher Wyss",5,"Kreis 5",4,"4 Personen",248,992
2017,52,"Escher Wyss",5,"Kreis 5",5,"5 Personen",42,210
2017,52,"Escher Wyss",5,"Kreis 5",6,"6 und mehr Personen",17,127
2017,61,"Unterstrass",6,"Kreis 6",1,"1 Person",4961,4961
2017,61,"Unterstrass",6,"Kreis 6",2,"2 Personen",3478,6956
2017,61,"Unterstrass",6,"Kreis 6",3,"3 Personen",1307,3921
2017,61,"Unterstrass",6,"Kreis 6",4,"4 Personen",1069,4276
2017,61,"Unterstrass",6,"Kreis 6",5,"5 Personen",283,1415
2017,61,"Unterstrass",6,"Kreis 6",6,"6 und mehr Personen",95,617
2017,63,"Oberstrass",6,"Kreis 6",1,"1 Person",2487,2487
2017,63,"Oberstrass",6,"Kreis 6",2,"2 Personen",1475,2950
2017,63,"Oberstrass",6,"Kreis 6",3,"3 Personen",590,1770
2017,63,"Oberstrass",6,"Kreis 6",4,"4 Personen",457,1828
2017,63,"Oberstrass",6,"Kreis 6",5,"5 Personen",142,710
2017,63,"Oberstrass",6,"Kreis 6",6,"6 und mehr Personen",50,332
2017,71,"Fluntern",7,"Kreis 7",1,"1 Person",1418,1418
2017,71,"Fluntern",7,"Kreis 7",2,"2 Personen",1112,2224
2017,71,"Fluntern",7,"Kreis 7",3,"3 Personen",509,1527
2017,71,"Fluntern",7,"Kreis 7",4,"4 Personen",353,1412
2017,71,"Fluntern",7,"Kreis 7",5,"5 Personen",128,640
2017,71,"Fluntern",7,"Kreis 7",6,"6 und mehr Personen",63,406
2017,72,"Hottingen",7,"Kreis 7",1,"1 Person",2337,2337
2017,72,"Hottingen",7,"Kreis 7",2,"2 Personen",1498,2996
2017,72,"Hottingen",7,"Kreis 7",3,"3 Personen",663,1989
2017,72,"Hottingen",7,"Kreis 7",4,"4 Personen",488,1952
2017,72,"Hottingen",7,"Kreis 7",5,"5 Personen",161,805
2017,72,"Hottingen",7,"Kreis 7",6,"6 und mehr Personen",68,458
2017,73,"Hirslanden",7,"Kreis 7",1,"1 Person",1708,1708
2017,73,"Hirslanden",7,"Kreis 7",2,"2 Personen",1034,2068
2017,73,"Hirslanden",7,"Kreis 7",3,"3 Personen",414,1242
2017,73,"Hirslanden",7,"Kreis 7",4,"4 Personen",340,1360
2017,73,"Hirslanden",7,"Kreis 7",5,"5 Personen",90,450
2017,73,"Hirslanden",7,"Kreis 7",6,"6 und mehr Personen",33,227
2017,74,"Witikon",7,"Kreis 7",1,"1 Person",2129,2129
2017,74,"Witikon",7,"Kreis 7",2,"2 Personen",1567,3134
2017,74,"Witikon",7,"Kreis 7",3,"3 Personen",549,1647
2017,74,"Witikon",7,"Kreis 7",4,"4 Personen",545,2180
2017,74,"Witikon",7,"Kreis 7",5,"5 Personen",160,800
2017,74,"Witikon",7,"Kreis 7",6,"6 und mehr Personen",52,330
2017,81,"Seefeld",8,"Kreis 8",1,"1 Person",1645,1645
2017,81,"Seefeld",8,"Kreis 8",2,"2 Personen",823,1646
2017,81,"Seefeld",8,"Kreis 8",3,"3 Personen",286,858
2017,81,"Seefeld",8,"Kreis 8",4,"4 Personen",153,612
2017,81,"Seefeld",8,"Kreis 8",5,"5 Personen",45,225
2017,81,"Seefeld",8,"Kreis 8",6,"6 und mehr Personen",15,98
2017,82,"Mühlebach",8,"Kreis 8",1,"1 Person",1677,1677
2017,82,"Mühlebach",8,"Kreis 8",2,"2 Personen",916,1832
2017,82,"Mühlebach",8,"Kreis 8",3,"3 Personen",327,981
2017,82,"Mühlebach",8,"Kreis 8",4,"4 Personen",220,880
2017,82,"Mühlebach",8,"Kreis 8",5,"5 Personen",61,305
2017,82,"Mühlebach",8,"Kreis 8",6,"6 und mehr Personen",29,188
2017,83,"Weinegg",8,"Kreis 8",1,"1 Person",1174,1174
2017,83,"Weinegg",8,"Kreis 8",2,"2 Personen",642,1284
2017,83,"Weinegg",8,"Kreis 8",3,"3 Personen",314,942
2017,83,"Weinegg",8,"Kreis 8",4,"4 Personen",183,732
2017,83,"Weinegg",8,"Kreis 8",5,"5 Personen",70,350
2017,83,"Weinegg",8,"Kreis 8",6,"6 und mehr Personen",29,203
2017,91,"Albisrieden",9,"Kreis 9",1,"1 Person",4562,4562
2017,91,"Albisrieden",9,"Kreis 9",2,"2 Personen",3324,6648
2017,91,"Albisrieden",9,"Kreis 9",3,"3 Personen",1342,4026
2017,91,"Albisrieden",9,"Kreis 9",4,"4 Personen",1054,4216
2017,91,"Albisrieden",9,"Kreis 9",5,"5 Personen",250,1250
2017,91,"Albisrieden",9,"Kreis 9",6,"6 und mehr Personen",96,636
2017,92,"Altstetten",9,"Kreis 9",1,"1 Person",6885,6885
2017,92,"Altstetten",9,"Kreis 9",2,"2 Personen",4840,9680
2017,92,"Altstetten",9,"Kreis 9",3,"3 Personen",1927,5781
2017,92,"Altstetten",9,"Kreis 9",4,"4 Personen",1371,5484
2017,92,"Altstetten",9,"Kreis 9",5,"5 Personen",466,2330
2017,92,"Altstetten",9,"Kreis 9",6,"6 und mehr Personen",210,1374
2017,101,"Höngg",10,"Kreis 10",1,"1 Person",4518,4518
2017,101,"Höngg",10,"Kreis 10",2,"2 Personen",3545,7090
2017,101,"Höngg",10,"Kreis 10",3,"3 Personen",1346,4038
2017,101,"Höngg",10,"Kreis 10",4,"4 Personen",1153,4612
2017,101,"Höngg",10,"Kreis 10",5,"5 Personen",277,1385
2017,101,"Höngg",10,"Kreis 10",6,"6 und mehr Personen",105,702
2017,102,"Wipkingen",10,"Kreis 10",1,"1 Person",4076,4076
2017,102,"Wipkingen",10,"Kreis 10",2,"2 Personen",2622,5244
2017,102,"Wipkingen",10,"Kreis 10",3,"3 Personen",1054,3162
2017,102,"Wipkingen",10,"Kreis 10",4,"4 Personen",610,2440
2017,102,"Wipkingen",10,"Kreis 10",5,"5 Personen",138,690
2017,102,"Wipkingen",10,"Kreis 10",6,"6 und mehr Personen",69,497
2017,111,"Affoltern",11,"Kreis 11",1,"1 Person",4035,4035
2017,111,"Affoltern",11,"Kreis 11",2,"2 Personen",3394,6788
2017,111,"Affoltern",11,"Kreis 11",3,"3 Personen",1691,5073
2017,111,"Affoltern",11,"Kreis 11",4,"4 Personen",1443,5772
2017,111,"Affoltern",11,"Kreis 11",5,"5 Personen",482,2410
2017,111,"Affoltern",11,"Kreis 11",6,"6 und mehr Personen",188,1208
2017,115,"Oerlikon",12,"Kreis 12",1,"1 Person",4703,4703
2017,115,"Oerlikon",12,"Kreis 12",2,"2 Personen",3348,6696
2017,115,"Oerlikon",12,"Kreis 12",3,"3 Personen",1376,4128
2017,115,"Oerlikon",12,"Kreis 12",4,"4 Personen",949,3796
2017,115,"Oerlikon",12,"Kreis 12",5,"5 Personen",250,1250
2017,115,"Oerlikon",12,"Kreis 12",6,"6 und mehr Personen",110,718
2017,119,"Seebach",12,"Kreis 12",1,"1 Person",4720,4720
2017,119,"Seebach",12,"Kreis 12",2,"2 Personen",3417,6834
2017,119,"Seebach",12,"Kreis 12",3,"3 Personen",1601,4803
2017,119,"Seebach",12,"Kreis 12",4,"4 Personen",1272,5088
2017,119,"Seebach",12,"Kreis 12",5,"5 Personen",384,1920
2017,119,"Seebach",12,"Kreis 12",6,"6 und mehr Personen",197,1267
2017,121,"Saatlen",12,"Kreis 12",1,"1 Person",1018,1018
2017,121,"Saatlen",12,"Kreis 12",2,"2 Personen",903,1806
2017,121,"Saatlen",12,"Kreis 12",3,"3 Personen",478,1434
2017,121,"Saatlen",12,"Kreis 12",4,"4 Personen",489,1956
2017,121,"Saatlen",12,"Kreis 12",5,"5 Personen",212,1060
2017,121,"Saatlen",12,"Kreis 12",6,"6 und mehr Personen",149,1018
2017,122,"Schwamendingen-Mitte",12,"Kreis 12",1,"1 Person",2427,2427
2017,122,"Schwamendingen-Mitte",12,"Kreis 12",2,"2 Personen",1646,3292
2017,122,"Schwamendingen-Mitte",12,"Kreis 12",3,"3 Personen",725,2175
2017,122,"Schwamendingen-Mitte",12,"Kreis 12",4,"4 Personen",454,1816
2017,122,"Schwamendingen-Mitte",12,"Kreis 12",5,"5 Personen",155,775
2017,122,"Schwamendingen-Mitte",12,"Kreis 12",6,"6 und mehr Personen",58,369
2017,123,"Hirzenbach",12,"Kreis 12",1,"1 Person",2113,2113
2017,123,"Hirzenbach",12,"Kreis 12",2,"2 Personen",1650,3300
2017,123,"Hirzenbach",12,"Kreis 12",3,"3 Personen",825,2475
2017,123,"Hirzenbach",12,"Kreis 12",4,"4 Personen",628,2512
2017,123,"Hirzenbach",12,"Kreis 12",5,"5 Personen",219,1095
2017,123,"Hirzenbach",12,"Kreis 12",6,"6 und mehr Personen",99,690
2018,11,"Rathaus",1,"Kreis 1",1,"1 Person",1140,1140
2018,11,"Rathaus",1,"Kreis 1",2,"2 Personen",493,986
2018,11,"Rathaus",1,"Kreis 1",3,"3 Personen",131,393
2018,11,"Rathaus",1,"Kreis 1",4,"4 Personen",93,372
2018,11,"Rathaus",1,"Kreis 1",5,"5 Personen",19,95
2018,11,"Rathaus",1,"Kreis 1",6,"6 und mehr Personen",9,55
2018,12,"Hochschulen",1,"Kreis 1",1,"1 Person",108,108
2018,12,"Hochschulen",1,"Kreis 1",2,"2 Personen",73,146
2018,12,"Hochschulen",1,"Kreis 1",3,"3 Personen",20,60
2018,12,"Hochschulen",1,"Kreis 1",4,"4 Personen",14,56
2018,12,"Hochschulen",1,"Kreis 1",5,"5 Personen",7,35
2018,12,"Hochschulen",1,"Kreis 1",6,"6 und mehr Personen",3,21
2018,13,"Lindenhof",1,"Kreis 1",1,"1 Person",343,343
2018,13,"Lindenhof",1,"Kreis 1",2,"2 Personen",182,364
2018,13,"Lindenhof",1,"Kreis 1",3,"3 Personen",38,114
2018,13,"Lindenhof",1,"Kreis 1",4,"4 Personen",19,76
2018,13,"Lindenhof",1,"Kreis 1",5,"5 Personen",5,25
2018,13,"Lindenhof",1,"Kreis 1",6,"6 und mehr Personen",5,33
2018,14,"City",1,"Kreis 1",1,"1 Person",122,122
2018,14,"City",1,"Kreis 1",2,"2 Personen",103,206
2018,14,"City",1,"Kreis 1",3,"3 Personen",43,129
2018,14,"City",1,"Kreis 1",4,"4 Personen",33,132
2018,14,"City",1,"Kreis 1",5,"5 Personen",8,40
2018,14,"City",1,"Kreis 1",6,"6 und mehr Personen",9,65
2018,21,"Wollishofen",2,"Kreis 2",1,"1 Person",3916,3916
2018,21,"Wollishofen",2,"Kreis 2",2,"2 Personen",2658,5316
2018,21,"Wollishofen",2,"Kreis 2",3,"3 Personen",1096,3288
2018,21,"Wollishofen",2,"Kreis 2",4,"4 Personen",884,3536
2018,21,"Wollishofen",2,"Kreis 2",5,"5 Personen",275,1375
2018,21,"Wollishofen",2,"Kreis 2",6,"6 und mehr Personen",116,760
2018,23,"Leimbach",2,"Kreis 2",1,"1 Person",866,866
2018,23,"Leimbach",2,"Kreis 2",2,"2 Personen",710,1420
2018,23,"Leimbach",2,"Kreis 2",3,"3 Personen",378,1134
2018,23,"Leimbach",2,"Kreis 2",4,"4 Personen",361,1444
2018,23,"Leimbach",2,"Kreis 2",5,"5 Personen",141,705
2018,23,"Leimbach",2,"Kreis 2",6,"6 und mehr Personen",90,593
2018,24,"Enge",2,"Kreis 2",1,"1 Person",1953,1953
2018,24,"Enge",2,"Kreis 2",2,"2 Personen",1321,2642
2018,24,"Enge",2,"Kreis 2",3,"3 Personen",603,1809
2018,24,"Enge",2,"Kreis 2",4,"4 Personen",386,1544
2018,24,"Enge",2,"Kreis 2",5,"5 Personen",124,620
2018,24,"Enge",2,"Kreis 2",6,"6 und mehr Personen",89,624
2018,31,"Alt-Wiedikon",3,"Kreis 3",1,"1 Person",4226,4226
2018,31,"Alt-Wiedikon",3,"Kreis 3",2,"2 Personen",2624,5248
2018,31,"Alt-Wiedikon",3,"Kreis 3",3,"3 Personen",943,2829
2018,31,"Alt-Wiedikon",3,"Kreis 3",4,"4 Personen",615,2460
2018,31,"Alt-Wiedikon",3,"Kreis 3",5,"5 Personen",213,1065
2018,31,"Alt-Wiedikon",3,"Kreis 3",6,"6 und mehr Personen",190,1400
2018,33,"Friesenberg",3,"Kreis 3",1,"1 Person",1342,1342
2018,33,"Friesenberg",3,"Kreis 3",2,"2 Personen",1108,2216
2018,33,"Friesenberg",3,"Kreis 3",3,"3 Personen",595,1785
2018,33,"Friesenberg",3,"Kreis 3",4,"4 Personen",749,2996
2018,33,"Friesenberg",3,"Kreis 3",5,"5 Personen",297,1485
2018,33,"Friesenberg",3,"Kreis 3",6,"6 und mehr Personen",102,699
2018,34,"Sihlfeld",3,"Kreis 3",1,"1 Person",5480,5480
2018,34,"Sihlfeld",3,"Kreis 3",2,"2 Personen",3357,6714
2018,34,"Sihlfeld",3,"Kreis 3",3,"3 Personen",1224,3672
2018,34,"Sihlfeld",3,"Kreis 3",4,"4 Personen",747,2988
2018,34,"Sihlfeld",3,"Kreis 3",5,"5 Personen",197,985
2018,34,"Sihlfeld",3,"Kreis 3",6,"6 und mehr Personen",155,1192
2018,41,"Werd",4,"Kreis 4",1,"1 Person",933,933
2018,41,"Werd",4,"Kreis 4",2,"2 Personen",638,1276
2018,41,"Werd",4,"Kreis 4",3,"3 Personen",252,756
2018,41,"Werd",4,"Kreis 4",4,"4 Personen",114,456
2018,41,"Werd",4,"Kreis 4",5,"5 Personen",42,210
2018,41,"Werd",4,"Kreis 4",6,"6 und mehr Personen",74,604
2018,42,"Langstrasse",4,"Kreis 4",1,"1 Person",2974,2974
2018,42,"Langstrasse",4,"Kreis 4",2,"2 Personen",1846,3692
2018,42,"Langstrasse",4,"Kreis 4",3,"3 Personen",618,1854
2018,42,"Langstrasse",4,"Kreis 4",4,"4 Personen",267,1068
2018,42,"Langstrasse",4,"Kreis 4",5,"5 Personen",73,365
2018,42,"Langstrasse",4,"Kreis 4",6,"6 und mehr Personen",46,326
2018,44,"Hard",4,"Kreis 4",1,"1 Person",2993,2993
2018,44,"Hard",4,"Kreis 4",2,"2 Personen",2027,4054
2018,44,"Hard",4,"Kreis 4",3,"3 Personen",881,2643
2018,44,"Hard",4,"Kreis 4",4,"4 Personen",509,2036
2018,44,"Hard",4,"Kreis 4",5,"5 Personen",146,730
2018,44,"Hard",4,"Kreis 4",6,"6 und mehr Personen",59,381
2018,51,"Gewerbeschule",5,"Kreis 5",1,"1 Person",2281,2281
2018,51,"Gewerbeschule",5,"Kreis 5",2,"2 Personen",1500,3000
2018,51,"Gewerbeschule",5,"Kreis 5",3,"3 Personen",556,1668
2018,51,"Gewerbeschule",5,"Kreis 5",4,"4 Personen",336,1344
2018,51,"Gewerbeschule",5,"Kreis 5",5,"5 Personen",86,430
2018,51,"Gewerbeschule",5,"Kreis 5",6,"6 und mehr Personen",54,348
2018,52,"Escher Wyss",5,"Kreis 5",1,"1 Person",1054,1054
2018,52,"Escher Wyss",5,"Kreis 5",2,"2 Personen",1087,2174
2018,52,"Escher Wyss",5,"Kreis 5",3,"3 Personen",467,1401
2018,52,"Escher Wyss",5,"Kreis 5",4,"4 Personen",245,980
2018,52,"Escher Wyss",5,"Kreis 5",5,"5 Personen",49,245
2018,52,"Escher Wyss",5,"Kreis 5",6,"6 und mehr Personen",21,149
2018,61,"Unterstrass",6,"Kreis 6",1,"1 Person",4994,4994
2018,61,"Unterstrass",6,"Kreis 6",2,"2 Personen",3497,6994
2018,61,"Unterstrass",6,"Kreis 6",3,"3 Personen",1400,4200
2018,61,"Unterstrass",6,"Kreis 6",4,"4 Personen",1139,4556
2018,61,"Unterstrass",6,"Kreis 6",5,"5 Personen",286,1430
2018,61,"Unterstrass",6,"Kreis 6",6,"6 und mehr Personen",95,621
2018,63,"Oberstrass",6,"Kreis 6",1,"1 Person",2477,2477
2018,63,"Oberstrass",6,"Kreis 6",2,"2 Personen",1506,3012
2018,63,"Oberstrass",6,"Kreis 6",3,"3 Personen",607,1821
2018,63,"Oberstrass",6,"Kreis 6",4,"4 Personen",450,1800
2018,63,"Oberstrass",6,"Kreis 6",5,"5 Personen",150,750
2018,63,"Oberstrass",6,"Kreis 6",6,"6 und mehr Personen",49,336
2018,71,"Fluntern",7,"Kreis 7",1,"1 Person",1449,1449
2018,71,"Fluntern",7,"Kreis 7",2,"2 Personen",1115,2230
2018,71,"Fluntern",7,"Kreis 7",3,"3 Personen",537,1611
2018,71,"Fluntern",7,"Kreis 7",4,"4 Personen",388,1552
2018,71,"Fluntern",7,"Kreis 7",5,"5 Personen",149,745
2018,71,"Fluntern",7,"Kreis 7",6,"6 und mehr Personen",71,452
2018,72,"Hottingen",7,"Kreis 7",1,"1 Person",2362,2362
2018,72,"Hottingen",7,"Kreis 7",2,"2 Personen",1487,2974
2018,72,"Hottingen",7,"Kreis 7",3,"3 Personen",642,1926
2018,72,"Hottingen",7,"Kreis 7",4,"4 Personen",526,2104
2018,72,"Hottingen",7,"Kreis 7",5,"5 Personen",161,805
2018,72,"Hottingen",7,"Kreis 7",6,"6 und mehr Personen",67,465
2018,73,"Hirslanden",7,"Kreis 7",1,"1 Person",1708,1708
2018,73,"Hirslanden",7,"Kreis 7",2,"2 Personen",1055,2110
2018,73,"Hirslanden",7,"Kreis 7",3,"3 Personen",424,1272
2018,73,"Hirslanden",7,"Kreis 7",4,"4 Personen",329,1316
2018,73,"Hirslanden",7,"Kreis 7",5,"5 Personen",95,475
2018,73,"Hirslanden",7,"Kreis 7",6,"6 und mehr Personen",32,214
2018,74,"Witikon",7,"Kreis 7",1,"1 Person",2213,2213
2018,74,"Witikon",7,"Kreis 7",2,"2 Personen",1598,3196
2018,74,"Witikon",7,"Kreis 7",3,"3 Personen",561,1683
2018,74,"Witikon",7,"Kreis 7",4,"4 Personen",572,2288
2018,74,"Witikon",7,"Kreis 7",5,"5 Personen",161,805
2018,74,"Witikon",7,"Kreis 7",6,"6 und mehr Personen",52,335
2018,81,"Seefeld",8,"Kreis 8",1,"1 Person",1657,1657
2018,81,"Seefeld",8,"Kreis 8",2,"2 Personen",847,1694
2018,81,"Seefeld",8,"Kreis 8",3,"3 Personen",274,822
2018,81,"Seefeld",8,"Kreis 8",4,"4 Personen",167,668
2018,81,"Seefeld",8,"Kreis 8",5,"5 Personen",49,245
2018,81,"Seefeld",8,"Kreis 8",6,"6 und mehr Personen",14,92
2018,82,"Mühlebach",8,"Kreis 8",1,"1 Person",1678,1678
2018,82,"Mühlebach",8,"Kreis 8",2,"2 Personen",906,1812
2018,82,"Mühlebach",8,"Kreis 8",3,"3 Personen",354,1062
2018,82,"Mühlebach",8,"Kreis 8",4,"4 Personen",233,932
2018,82,"Mühlebach",8,"Kreis 8",5,"5 Personen",64,320
2018,82,"Mühlebach",8,"Kreis 8",6,"6 und mehr Personen",27,172
2018,83,"Weinegg",8,"Kreis 8",1,"1 Person",1138,1138
2018,83,"Weinegg",8,"Kreis 8",2,"2 Personen",641,1282
2018,83,"Weinegg",8,"Kreis 8",3,"3 Personen",295,885
2018,83,"Weinegg",8,"Kreis 8",4,"4 Personen",200,800
2018,83,"Weinegg",8,"Kreis 8",5,"5 Personen",67,335
2018,83,"Weinegg",8,"Kreis 8",6,"6 und mehr Personen",35,241
2018,91,"Albisrieden",9,"Kreis 9",1,"1 Person",4540,4540
2018,91,"Albisrieden",9,"Kreis 9",2,"2 Personen",3312,6624
2018,91,"Albisrieden",9,"Kreis 9",3,"3 Personen",1356,4068
2018,91,"Albisrieden",9,"Kreis 9",4,"4 Personen",1080,4320
2018,91,"Albisrieden",9,"Kreis 9",5,"5 Personen",267,1335
2018,91,"Albisrieden",9,"Kreis 9",6,"6 und mehr Personen",101,679
2018,92,"Altstetten",9,"Kreis 9",1,"1 Person",7112,7112
2018,92,"Altstetten",9,"Kreis 9",2,"2 Personen",5053,10106
2018,92,"Altstetten",9,"Kreis 9",3,"3 Personen",1951,5853
2018,92,"Altstetten",9,"Kreis 9",4,"4 Personen",1426,5704
2018,92,"Altstetten",9,"Kreis 9",5,"5 Personen",462,2310
2018,92,"Altstetten",9,"Kreis 9",6,"6 und mehr Personen",207,1357
2018,101,"Höngg",10,"Kreis 10",1,"1 Person",4558,4558
2018,101,"Höngg",10,"Kreis 10",2,"2 Personen",3585,7170
2018,101,"Höngg",10,"Kreis 10",3,"3 Personen",1369,4107
2018,101,"Höngg",10,"Kreis 10",4,"4 Personen",1208,4832
2018,101,"Höngg",10,"Kreis 10",5,"5 Personen",257,1285
2018,101,"Höngg",10,"Kreis 10",6,"6 und mehr Personen",103,674
2018,102,"Wipkingen",10,"Kreis 10",1,"1 Person",4128,4128
2018,102,"Wipkingen",10,"Kreis 10",2,"2 Personen",2576,5152
2018,102,"Wipkingen",10,"Kreis 10",3,"3 Personen",1046,3138
2018,102,"Wipkingen",10,"Kreis 10",4,"4 Personen",618,2472
2018,102,"Wipkingen",10,"Kreis 10",5,"5 Personen",134,670
2018,102,"Wipkingen",10,"Kreis 10",6,"6 und mehr Personen",57,390
2018,111,"Affoltern",11,"Kreis 11",1,"1 Person",4175,4175
2018,111,"Affoltern",11,"Kreis 11",2,"2 Personen",3449,6898
2018,111,"Affoltern",11,"Kreis 11",3,"3 Personen",1701,5103
2018,111,"Affoltern",11,"Kreis 11",4,"4 Personen",1492,5968
2018,111,"Affoltern",11,"Kreis 11",5,"5 Personen",471,2355
2018,111,"Affoltern",11,"Kreis 11",6,"6 und mehr Personen",181,1150
2018,115,"Oerlikon",12,"Kreis 12",1,"1 Person",4825,4825
2018,115,"Oerlikon",12,"Kreis 12",2,"2 Personen",3425,6850
2018,115,"Oerlikon",12,"Kreis 12",3,"3 Personen",1480,4440
2018,115,"Oerlikon",12,"Kreis 12",4,"4 Personen",940,3760
2018,115,"Oerlikon",12,"Kreis 12",5,"5 Personen",245,1225
2018,115,"Oerlikon",12,"Kreis 12",6,"6 und mehr Personen",113,725
2018,119,"Seebach",12,"Kreis 12",1,"1 Person",4739,4739
2018,119,"Seebach",12,"Kreis 12",2,"2 Personen",3348,6696
2018,119,"Seebach",12,"Kreis 12",3,"3 Personen",1649,4947
2018,119,"Seebach",12,"Kreis 12",4,"4 Personen",1292,5168
2018,119,"Seebach",12,"Kreis 12",5,"5 Personen",397,1985
2018,119,"Seebach",12,"Kreis 12",6,"6 und mehr Personen",166,1080
2018,121,"Saatlen",12,"Kreis 12",1,"1 Person",1006,1006
2018,121,"Saatlen",12,"Kreis 12",2,"2 Personen",911,1822
2018,121,"Saatlen",12,"Kreis 12",3,"3 Personen",504,1512
2018,121,"Saatlen",12,"Kreis 12",4,"4 Personen",540,2160
2018,121,"Saatlen",12,"Kreis 12",5,"5 Personen",211,1055
2018,121,"Saatlen",12,"Kreis 12",6,"6 und mehr Personen",141,964
2018,122,"Schwamendingen-Mitte",12,"Kreis 12",1,"1 Person",2396,2396
2018,122,"Schwamendingen-Mitte",12,"Kreis 12",2,"2 Personen",1687,3374
2018,122,"Schwamendingen-Mitte",12,"Kreis 12",3,"3 Personen",710,2130
2018,122,"Schwamendingen-Mitte",12,"Kreis 12",4,"4 Personen",490,1960
2018,122,"Schwamendingen-Mitte",12,"Kreis 12",5,"5 Personen",146,730
2018,122,"Schwamendingen-Mitte",12,"Kreis 12",6,"6 und mehr Personen",54,341
2018,123,"Hirzenbach",12,"Kreis 12",1,"1 Person",2245,2245
2018,123,"Hirzenbach",12,"Kreis 12",2,"2 Personen",1605,3210
2018,123,"Hirzenbach",12,"Kreis 12",3,"3 Personen",854,2562
2018,123,"Hirzenbach",12,"Kreis 12",4,"4 Personen",666,2664
2018,123,"Hirzenbach",12,"Kreis 12",5,"5 Personen",222,1110
2018,123,"Hirzenbach",12,"Kreis 12",6,"6 und mehr Personen",87,624
